Member_ID,FName,LName,Gender_,Position,Hire_Date,City,Country,DOB,Email,Phone
1,Madelaine,Crossan,F,Account Coordinator,5/27/2000,NULL,Taiwan,NULL,mcrossan0@springer.com,484-432-6270
2,Barnard,Bewlie,M,General Manager,12/21/2001,Troparëvo,Russia,5/21/1961,bbewlie1@clickbank.net,454-413-5087
3,Dorella,Truggian,F,Research Associate,11/26/2014,Dongtuan,China,NULL,dtruggian2@jimdo.com,908-186-6625
4,Alejandro,Yaakov,M,Senior Sales Associate,10/10/2009,Jiangkou,China,NULL,NULL,945-221-9788
5,Charmaine,Salleir,F,Assistant Professor,4/21/2012,Chinameca,El Salvador,NULL,NULL,965-263-4615
6,Ester,Hanney,F,Web Developer III,5/7/2001,NULL,Armenia,5/19/1959,NULL,935-832-7039
7,Josephina,Dainty,F,Senior Cost Accountant,1/28/2015,Borovlyany,NULL,NULL,jdainty6@cnbc.com,730-318-5410
8,Haze,Ughelli,M,Associate Professor,8/24/2005,Xi’an,China,10/28/1969,NULL,596-410-9275
9,Kearney,Branford,M,Editor,8/21/2007,NULL,Finland,11/21/1985,NULL,172-979-5100
10,Christiano,Tinmouth,M,Business Systems Development Analyst,8/23/2012,Garko,Nigeria,NULL,NULL,733-291-8532
11,Tressa,Vernham,F,Librarian,8/7/2019,Göteborg,Sweden,5/13/2008,tvernhama@constantcontact.com,867-566-3758
12,Ossie,Sherringham,M,Senior Quality Engineer,9/13/2006,NULL,China,NULL,NULL,844-760-2376
13,Gay,Johl,M,Assistant Professor,12/31/2015,Xieba,China,NULL,gjohlc@google.co.uk,952-286-6537
14,Myranda,Gooly,F,Senior Editor,6/26/2013,NULL,United States,NULL,NULL,860-282-7575
15,Drucie,Fruchon,F,Administrative Officer,2/24/2010,Probolinggo,Indonesia,NULL,NULL,863-480-5361
16,Edlin,O'Garmen,M,Quality Control Specialist,4/5/2020,NULL,China,NULL,eogarmenf@yellowpages.com,855-683-4583
17,Perice,Lawful,M,Data Coordinator,11/13/2018,NULL,China,NULL,plawfulg@bigcartel.com,340-202-7483
18,Shauna,Gowanson,F,Payment Adjustment Coordinator,4/23/2020,NULL,Poland,3/4/1976,NULL,410-795-8210
19,Abe,Dibdin,M,Mechanical Systems Engineer,11/21/2013,Ohafia-Ifigh,Nigeria,10/14/2000,NULL,922-411-0279
20,Sarajane,Hardingham,F,VP Marketing,5/9/2013,NULL,Russia,NULL,NULL,504-747-8263
21,Bridie,Hatcliffe,F,Account Coordinator,2/23/2003,NULL,Turkmenistan,NULL,NULL,393-847-9942
22,Nedi,Boykett,F,Technical Writer,7/19/2004,Cigadung,Indonesia,6/1/1973,NULL,722-490-8548
23,Cate,Ennion,F,Staff Scientist,1/7/2015,Ilici,Bosnia and Herzegovina,11/18/1960,cennionm@unc.edu,457-761-4979
24,Rea,Derks,F,General Manager,11/17/2015,Thành Ph? Ph? Lý,Vietnam,NULL,rderksn@dmoz.org,220-470-3711
25,Brent,Mintram,M,Research Assistant IV,7/8/2004,Hecun,China,NULL,NULL,295-566-3416
26,Christen,Aspital,F,VP Product Management,7/1/2017,Strellc i Epërm,Kosovo,NULL,NULL,155-386-0713
27,Haily,Hubbard,M,VP Product Management,12/10/2000,Kidal,NULL,NULL,NULL,173-369-3455
28,Noah,Billo,M,Programmer IV,2/28/2016,NULL,Morocco,NULL,NULL,564-120-6649
29,Ricardo,Pascall,M,Desktop Support Technician,4/19/2020,NULL,China,9/9/1964,rpascalls@canalblog.com,942-341-6325
30,Harold,Burdas,M,Recruiter,5/25/2011,Dinaig,Philippines,NULL,hburdast@state.tx.us,739-288-1335
31,Roi,Stockport,M,Environmental Specialist,12/8/2008,NULL,NULL,NULL,rstockportu@newsvine.com,662-782-1745
32,Powell,Dimanche,M,Cost Accountant,11/27/2014,Rust’avi,Georgia,NULL,pdimanchev@google.com.hk,720-595-7277
33,Laverna,Jerome,F,Payment Adjustment Coordinator,7/30/2012,Chenxiang,China,NULL,NULL,815-114-9704
34,Skipper,Duckit,M,Quality Engineer,1/13/2013,NULL,Argentina,8/18/1978,NULL,324-100-4490
35,Bidget,Richold,F,Biostatistician III,11/11/2020,NULL,Argentina,NULL,bricholdy@imgur.com,607-971-1174
36,Leodora,Durdle,F,Senior Quality Engineer,1/19/2015,NULL,Japan,NULL,NULL,840-392-6304
37,Rosemaria,Groombridge,F,Recruiter,1/18/2019,Trzin,Slovenia,2/15/1986,NULL,497-754-2305
38,Helsa,Gooderson,F,Computer Systems Analyst I,10/19/2000,NULL,NULL,4/8/2005,hgooderson11@github.io,415-312-8475
39,Celestyn,Ashbey,F,Business Systems Development Analyst,8/29/2022,Smyshlyayevka,NULL,1/25/2010,cashbey12@miitbeian.gov.cn,446-749-0804
40,Alexandrina,Baiss,F,Paralegal,12/6/2015,Ampera,NULL,NULL,NULL,910-806-0285
41,Leese,Ledes,F,Quality Control Specialist,12/19/2021,NULL,Ireland,NULL,lledes14@instagram.com,356-474-6528
42,Valeria,Woodison,F,Paralegal,6/14/2009,Lamongan,Indonesia,NULL,vwoodison15@rediff.com,441-715-7031
43,Haywood,Limeburner,M,Budget/Accounting Analyst IV,3/25/2013,Nusajaya,Malaysia,NULL,NULL,240-444-9181
44,Tedie,Vize,M,Director of Sales,8/4/2015,NULL,NULL,NULL,NULL,388-369-6544
45,Elfrida,Brunton,F,Biostatistician III,11/13/2007,Ginowan,Japan,1/21/1972,ebrunton18@yellowpages.com,638-633-4247
46,Janel,Iacobassi,F,Speech Pathologist,8/30/2000,Osvaldo Cruz,Brazil,3/6/2006,jiacobassi19@mac.com,979-135-6520
47,Ring,Kilpatrick,M,Recruiter,9/14/2000,NULL,NULL,NULL,rkilpatrick1a@noaa.gov,247-398-0805
48,Conway,Matzkaitis,M,Associate Professor,2/5/2004,NULL,France,2/9/2001,cmatzkaitis1b@google.nl,755-285-8661
49,Lise,Newbegin,F,Media Manager II,3/29/2004,Noyon,France,9/25/1982,NULL,550-347-2855
50,Michael,Housam,M,GIS Technical Architect,8/14/2003,NULL,NULL,NULL,NULL,458-609-6386
51,Clifford,Peterkin,M,Budget/Accounting Analyst IV,11/10/2000,Itaperuçu,NULL,8/12/1979,NULL,977-656-8818
52,Violetta,Adamik,F,VP Quality Control,3/9/2022,Bishkek,NULL,NULL,NULL,393-247-6881
53,Benny,Beadham,M,Financial Analyst,7/18/2013,Vanáton,Greece,NULL,bbeadham1g@cdbaby.com,491-900-2320
54,Francoise,Slyvester,F,Engineer II,10/26/2000,Taraan,Indonesia,NULL,fslyvester1h@twitpic.com,989-413-9067
55,Audrey,Lared,F,Compensation Analyst,7/3/2020,Pruszków,NULL,NULL,NULL,811-954-6039
56,Chelsea,Klimczak,F,Media Manager I,12/1/2012,Edosaki,Japan,NULL,cklimczak1j@cam.ac.uk,348-300-1534
57,Montgomery,Blackborne,M,Internal Auditor,1/7/2007,Tanabi,Brazil,NULL,mblackborne1k@jigsy.com,335-746-2328
58,Sibby,Nevins,F,Senior Quality Engineer,4/7/2019,Shangdian,China,4/17/1999,NULL,959-157-2050
59,Wren,Matyukon,F,Technical Writer,6/7/2015,Santa Justina,Philippines,9/1/1954,wmatyukon1m@arstechnica.com,411-434-6659
60,Howard,Kewzick,M,VP Product Management,4/6/2001,Dasongshu,China,NULL,hkewzick1n@illinois.edu,919-922-6189
61,Baron,Gawne,M,Web Developer I,10/6/2000,Vatutine,NULL,NULL,bgawne1o@adobe.com,631-882-3385
62,Andreana,Hefferan,F,Web Developer II,11/14/2015,Loivos,Portugal,NULL,ahefferan1p@alibaba.com,104-596-9047
63,Llywellyn,MacFarlan,M,Developer IV,3/10/2014,Bungu,Tanzania,6/30/2000,lmacfarlan1q@jalbum.net,647-241-4749
64,Purcell,Lewens,M,Payment Adjustment Coordinator,10/6/2010,Areni,NULL,NULL,plewens1r@gravatar.com,848-175-9050
65,Ruy,Banbury,M,Tax Accountant,5/8/2005,Fantino,Dominican Republic,NULL,NULL,706-219-6865
66,Bradley,Stading,M,Assistant Manager,11/19/2017,NULL,Italy,NULL,NULL,578-713-0808
67,Edwin,Cordel,M,Sales Associate,6/19/2022,NULL,NULL,NULL,ecordel1u@independent.co.uk,962-708-6388
68,Corilla,Croydon,F,Graphic Designer,10/11/2014,NULL,Serbia,8/21/1960,ccroydon1v@cisco.com,785-734-9117
69,Burl,Van Hault,M,Nuclear Power Engineer,12/20/2008,Cisasak,Indonesia,6/11/1963,bvanhault1w@over-blog.com,553-864-7994
70,Manda,Etty,F,Product Engineer,10/3/2011,Malishka,NULL,NULL,NULL,758-543-4067
71,Niels,Dayce,M,Geologist II,11/19/2001,Qulai,China,NULL,ndayce1y@about.com,999-434-5237
72,Romola,Spencers,F,Help Desk Operator,10/7/2000,Chocz,Poland,11/19/1977,NULL,521-271-6644
73,Zerk,Coats,M,Web Designer I,2/28/2009,Manadhoo,Maldives,3/16/1987,zcoats20@springer.com,808-156-3618
74,Rosina,de Guise,F,Business Systems Development Analyst,9/8/2000,NULL,Portugal,9/15/1953,rdeguise21@rakuten.co.jp,318-136-1506
75,Sean,O'Codihie,M,Administrative Officer,5/25/2000,NULL,China,NULL,socodihie22@facebook.com,964-908-5237
76,Hi,Nunn,M,Automation Specialist I,8/25/2016,Tongzha,China,9/10/1971,hnunn23@symantec.com,152-597-4748
77,Audre,Scurrah,F,Speech Pathologist,1/1/2020,NULL,NULL,NULL,ascurrah24@csmonitor.com,308-893-1214
78,Adolpho,Van Vuuren,M,Analog Circuit Design manager,12/1/2022,NULL,NULL,3/19/1986,avanvuuren25@narod.ru,508-637-6793
79,Normy,Shakelade,M,Paralegal,8/3/2021,NULL,NULL,11/4/1963,NULL,606-812-9501
80,Enrico,Gorioli,M,Librarian,1/4/2010,Pehcevo,NULL,NULL,egorioli27@webmd.com,178-272-7524
81,Chadwick,Stockhill,M,Recruiter,1/23/2022,Bogorejo,Indonesia,2/28/1969,NULL,223-943-5413
82,Mella,Clemensen,F,Project Manager,5/24/2016,Hondo,Japan,NULL,NULL,910-138-8882
83,Frazier,Byfford,M,Physical Therapy Assistant,2/12/2017,NULL,Poland,9/29/1974,NULL,733-328-9550
84,Jania,Punter,F,Internal Auditor,2/18/2005,Wiazownica,Poland,12/30/1995,jpunter2b@va.gov,926-185-5386
85,Cyrill,Wildman,M,Accounting Assistant II,9/28/2000,Wangkung,Indonesia,3/14/2005,NULL,880-409-5986
86,Skipp,Prier,M,Associate Professor,12/7/2010,NULL,Afghanistan,NULL,sprier2d@feedburner.com,688-548-3293
87,Devan,Clavering,F,Human Resources Assistant IV,12/30/2006,San Agustin,Mexico,3/14/2002,NULL,873-869-9033
88,Holly,Stenet,M,Professor,2/28/2017,NULL,NULL,4/15/1975,NULL,686-756-8750
89,Zitella,Massingberd,F,General Manager,11/1/2017,Magay,Philippines,NULL,zmassingberd2g@hhs.gov,123-328-4248
90,Guss,Rose,M,Research Nurse,4/8/2022,NULL,France,NULL,NULL,933-103-1532
91,Shirline,Berthon,F,Analog Circuit Design manager,8/2/2022,NULL,Malaysia,NULL,NULL,552-361-4522
92,Earlie,Dossantos,M,Administrative Assistant III,11/19/2022,NULL,Indonesia,NULL,edossantos2j@xrea.com,883-684-8570
93,Dela,Scahill,F,Statistician IV,5/12/2015,NULL,NULL,4/15/1964,NULL,102-193-2008
94,Hatty,Pottage,F,Programmer III,5/18/2008,Montreuil,France,NULL,NULL,192-571-2497
95,Lindy,Goundsy,F,Nurse,2/16/2011,Namangan,Uzbekistan,4/27/1977,NULL,165-647-7812
96,Zach,Swyer-Sexey,M,Staff Accountant I,6/14/2015,Sobreda,NULL,NULL,zswyersexey2n@apache.org,711-402-7521
97,Nettie,Clingan,F,Statistician III,2/11/2009,NULL,NULL,NULL,nclingan2o@bizjournals.com,661-884-9037
98,Cornelia,Shallcrass,F,Programmer Analyst I,3/16/2011,NULL,Indonesia,3/15/1969,NULL,300-890-5377
99,Sandie,Luker,F,Internal Auditor,4/14/2002,NULL,Indonesia,9/14/2004,sluker2q@walmart.com,761-482-8066
100,Jammal,Fawdery,M,VP Quality Control,6/21/2015,Tocumen,Panama,10/6/1974,NULL,355-407-0075
101,Garvin,Takos,M,Computer Systems Analyst I,10/27/2002,Barobo,Philippines,7/25/1998,NULL,516-993-7140
102,Jackelyn,Flitcroft,F,Dental Hygienist,4/12/2012,Punakha,NULL,NULL,jflitcroft2t@unblog.fr,253-405-6648
103,Rebeca,Scammonden,F,Marketing Assistant,5/12/2000,Karlivka,Ukraine,10/28/1981,rscammonden2u@moonfruit.com,686-468-6025
104,Marwin,Naton,M,Administrative Assistant III,11/26/2013,Laskarzew,Poland,NULL,NULL,888-468-8711
105,Doyle,Lamas,M,Civil Engineer,6/29/2002,Tianzhou,NULL,NULL,dlamas2w@google.it,576-888-9699
106,Andreas,Kirsch,M,Legal Assistant,8/21/2001,Mirontsi,Comoros,10/3/1966,NULL,266-851-8077
107,Adina,Whistance,F,Sales Associate,1/27/2009,Dieppe,NULL,5/27/1969,awhistance2y@cbslocal.com,486-763-0058
108,Raoul,Jiran,M,Senior Cost Accountant,9/26/2015,Piaski,Poland,10/12/1981,rjiran2z@csmonitor.com,536-792-0173
109,Lem,Billyeald,M,VP Product Management,5/18/2017,NULL,China,1/17/1991,NULL,334-892-1118
110,Dorian,Robrow,M,Business Systems Development Analyst,10/16/2021,NULL,Israel,NULL,NULL,892-781-3699
111,Teddie,Byrd,M,Executive Secretary,7/18/2013,NULL,China,6/14/1983,tbyrd32@soundcloud.com,867-445-0387
112,Ricoriki,Skrines,M,Senior Quality Engineer,12/9/2022,Shubenka,Russia,NULL,NULL,484-117-6252
113,Decca,Burgwin,M,Structural Analysis Engineer,4/14/2006,NULL,NULL,12/15/1984,dburgwin34@behance.net,841-594-4429
114,Malchy,Spread,M,Chemical Engineer,7/31/2002,Bancar,Indonesia,NULL,mspread35@baidu.com,216-182-9831
115,Bordie,Juan,M,Junior Executive,5/3/2006,NULL,Poland,NULL,bjuan36@alexa.com,483-888-5815
116,Bettina,Gradley,F,VP Accounting,7/2/2021,NULL,Afghanistan,12/10/2003,NULL,724-938-9607
117,Elora,Braikenridge,F,Budget/Accounting Analyst II,1/18/2021,Chunyang,NULL,NULL,ebraikenridge38@lulu.com,624-237-7134
118,Tawnya,Gawler,F,Editor,6/7/2006,NULL,Thailand,NULL,tgawler39@cyberchimps.com,297-307-1723
119,Eolanda,Tierny,F,Structural Analysis Engineer,5/4/2004,Xike,NULL,2/23/2014,etierny3a@w3.org,704-156-7468
120,Casie,Nabbs,F,Account Representative III,2/10/2007,NULL,NULL,7/12/1993,cnabbs3b@istockphoto.com,160-765-8075
121,Lenette,Hagston,F,Structural Engineer,7/10/2017,Bordeaux,France,NULL,NULL,368-656-3999
122,Renae,Hurley,F,Recruiting Manager,11/14/2013,NULL,NULL,NULL,rhurley3d@ftc.gov,844-611-4784
123,Roz,Dance,F,Design Engineer,12/17/2017,NULL,Iceland,NULL,rdance3e@foxnews.com,481-878-7753
124,Manuel,Bickley,M,Health Coach I,1/7/2013,Sohag,Egypt,11/14/2003,mbickley3f@oracle.com,712-721-9119
125,Gregor,Hubbucks,M,Tax Accountant,10/5/2002,Cairo,Egypt,11/9/1953,NULL,892-357-3113
126,Ryun,Manford,M,Software Test Engineer II,4/12/2002,El Progreso,Panama,5/17/2001,rmanford3h@ycombinator.com,711-194-0994
127,Devon,Forman,F,VP Accounting,7/16/2017,Kota Bharu,Malaysia,NULL,dforman3i@patch.com,298-161-8772
128,Winifield,Dymond,M,Senior Financial Analyst,6/28/2008,NULL,NULL,9/19/1987,NULL,600-147-9164
129,Saudra,Evanson,F,Database Administrator IV,1/25/2017,NULL,NULL,NULL,NULL,195-184-1478
130,Devinne,Cabrara,F,VP Marketing,3/26/2002,Krajan Timur Suger Kidul,Indonesia,11/21/1954,NULL,945-442-6131
131,Del,Gounod,M,Nuclear Power Engineer,1/21/2003,Cipari,Indonesia,1/6/1997,NULL,204-414-0784
132,Carolina,Margeram,F,Community Outreach Specialist,6/15/2001,Filimonovo,Russia,NULL,cmargeram3n@weibo.com,138-748-8054
133,Roby,Profit,F,Financial Advisor,10/12/2012,NULL,NULL,NULL,rprofit3o@rambler.ru,548-245-5987
134,Ham,Wiggington,M,Accounting Assistant III,9/4/2021,NULL,Luxembourg,8/28/1970,hwiggington3p@reuters.com,835-834-4041
135,Mose,Groucutt,M,Compensation Analyst,7/9/2012,NULL,China,NULL,mgroucutt3q@cnbc.com,716-938-7827
136,Katerine,Cristoforetti,F,Help Desk Technician,4/22/2003,Saint-Cloud,France,3/11/1984,NULL,564-491-1474
137,Bernhard,Dell Casa,M,Senior Quality Engineer,12/18/2015,Yanglin,China,3/7/1977,NULL,764-308-1615
138,Kimberley,Hartness,F,VP Quality Control,1/18/2003,NULL,Kazakhstan,NULL,khartness3t@geocities.jp,778-912-3780
139,Roxanne,Delph,F,GIS Technical Architect,1/6/2011,Vrachnaíika,Greece,NULL,rdelph3u@google.de,210-828-2438
140,Sarette,Watmough,F,Developer II,2/19/2006,Maltahöhe,Namibia,3/21/1964,NULL,652-409-1931
141,Rubetta,Schimonek,F,Senior Developer,11/3/2001,NULL,Russia,NULL,NULL,348-336-7691
142,Brandy,Duxbury,M,Biostatistician III,5/19/2011,Bunol,Philippines,2/16/1998,bduxbury3x@aol.com,640-546-5241
143,Karol,Bedow,F,Pharmacist,11/19/2003,Nanjiao,China,NULL,NULL,435-570-4394
144,Ashley,Eivers,M,Community Outreach Specialist,12/3/2007,Oswiecim,Poland,NULL,NULL,204-340-7779
145,Buckie,Fox,M,Graphic Designer,3/13/2012,NULL,Poland,NULL,NULL,837-249-7973
146,Creigh,Margaret,M,Actuary,5/1/2009,NULL,South Korea,NULL,cmargaret41@census.gov,182-155-0253
147,Waverley,Atyea,M,Occupational Therapist,5/24/2004,NULL,Russia,NULL,watyea42@bing.com,907-988-2026
148,Averill,Hause,M,Software Test Engineer II,8/28/2012,NULL,Peru,5/12/1979,NULL,383-306-3096
149,Mirella,Cornick,F,Administrative Officer,8/8/2010,NULL,China,9/25/2011,mcornick44@xing.com,819-478-6648
150,Letta,Vanderplas,F,Structural Analysis Engineer,2/7/2010,NULL,NULL,NULL,lvanderplas45@uol.com.br,378-521-4134
151,Redford,Frondt,M,Teacher,5/4/2017,Ogaki,Japan,8/3/1972,rfrondt46@mapy.cz,464-235-9536
152,Teodor,Kenright,M,Financial Advisor,8/7/2017,NULL,Philippines,NULL,NULL,886-808-8272
153,Pancho,Kleinstern,M,Sales Associate,1/3/2006,NULL,Russia,3/15/1958,NULL,810-149-6232
154,Gelya,Boles,F,Software Test Engineer I,1/4/2001,Yala,NULL,8/15/2001,NULL,925-761-6348
155,Aryn,Lebell,F,Quality Engineer,12/2/2007,NULL,NULL,10/1/2008,NULL,591-153-7415
156,Hatty,Cathel,F,Geological Engineer,5/1/2013,Dengfeng,China,7/13/1998,hcathel4b@reverbnation.com,563-549-0293
157,Jasen,Hessle,M,Pharmacist,9/19/2005,Zhanghekou,China,12/5/1993,NULL,643-220-3581
158,Clifford,Cardenas,M,Human Resources Assistant IV,5/19/2006,NULL,NULL,NULL,ccardenas4d@parallels.com,451-100-3637
159,Gerta,Wolton,F,Software Test Engineer I,4/26/2005,Porkhov,NULL,5/9/1963,gwolton4e@theatlantic.com,604-698-9146
160,Donnie,Corstorphine,M,Sales Representative,12/8/2012,Jenesano,Colombia,7/19/1962,NULL,202-819-2053
161,Constantino,Crumby,M,Analog Circuit Design manager,1/24/2004,Gorna Oryakhovitsa,Bulgaria,NULL,NULL,949-905-8660
162,Steve,Dell,M,VP Product Management,5/17/2013,Zhenping Chengguanzhen,China,5/25/1958,NULL,134-512-2589
163,Cristie,Jutson,F,Chief Design Engineer,5/27/2020,Zapolyarnyy,Russia,NULL,NULL,673-363-4917
164,Man,Lafayette,M,Information Systems Manager,6/21/2018,Tembisa,NULL,NULL,NULL,349-784-8638
165,Cletus,Emanulsson,M,VP Accounting,10/10/2016,Tanda,Egypt,2/27/1993,NULL,815-508-9558
166,Cilka,Buffy,F,VP Sales,6/4/2010,Tanuma,Japan,4/25/1951,NULL,308-918-7700
167,Ailene,Dougher,F,Account Coordinator,5/3/2009,Kish,NULL,NULL,NULL,510-242-6234
168,Susanna,Canario,F,General Manager,10/10/2001,Parys,South Africa,NULL,NULL,374-279-9871
169,Jemie,Goggins,F,Engineer I,1/10/2022,NULL,Peru,5/19/1989,jgoggins4o@mit.edu,777-511-6137
170,Aleksandr,Duckitt,M,Research Associate,6/26/2020,Ipil,NULL,6/5/1976,NULL,584-546-0418
171,Andonis,Sansum,M,Electrical Engineer,3/8/2021,Smoky Lake,Canada,NULL,NULL,282-912-8448
172,Caddric,Esp,M,VP Accounting,6/9/2007,NULL,Brazil,NULL,NULL,527-603-5349
173,Dominic,Tippell,M,Account Representative I,3/27/2009,Ingenio La Esperanza,Argentina,NULL,NULL,828-230-2167
174,Roobbie,Cheel,F,Human Resources Assistant II,11/6/2004,Rudziczka,Poland,NULL,NULL,994-469-4717
175,Dolf,Braid,M,Help Desk Operator,5/31/2007,NULL,Samoa,NULL,dbraid4u@bloglovin.com,388-685-3638
176,Richmound,Pash,M,Recruiting Manager,5/11/2008,NULL,Estonia,NULL,rpash4v@cnn.com,267-882-5115
177,Jesse,Ralphs,F,Senior Editor,1/10/2017,Cikiwul Satu,Indonesia,1/5/2014,jralphs4w@biglobe.ne.jp,179-637-6266
178,Jae,Kristoffersen,M,Internal Auditor,1/7/2022,Zarszyn,Poland,NULL,NULL,256-878-0451
179,Simonette,Brecknell,F,Actuary,9/21/2011,Kalaxilike,China,8/29/1969,sbrecknell4y@cam.ac.uk,379-462-9131
180,Dodi,Paolotto,F,Engineer II,12/10/2005,NULL,China,NULL,NULL,961-820-8008
181,Chrissy,Otridge,F,Recruiter,6/2/2004,La Rochelle,France,NULL,cotridge50@digg.com,163-136-1811
182,Fritz,Kempston,M,Actuary,1/8/2013,NULL,Ecuador,7/14/1954,fkempston51@uiuc.edu,991-682-6074
183,Vere,Boughey,F,Safety Technician IV,4/6/2008,NULL,Indonesia,3/10/2015,vboughey52@tiny.cc,868-275-0089
184,Fabian,Spence,M,Marketing Assistant,1/5/2010,San José,Paraguay,NULL,fspence53@mediafire.com,443-947-2113
185,Ive,Powis,M,Design Engineer,9/14/2001,La Virgen,Mexico,NULL,NULL,486-776-0220
186,Agata,Maun,F,Senior Sales Associate,9/17/2007,NULL,China,NULL,NULL,356-892-0453
187,Shayne,Casetta,M,Business Systems Development Analyst,7/19/2021,NULL,China,NULL,scasetta56@mail.ru,223-218-1988
188,Mikey,Bowles,M,Office Assistant II,12/6/2002,NULL,Yemen,10/19/1985,mbowles57@example.com,721-128-4219
189,Stephenie,Imlin,F,Developer III,6/29/2020,Galatás,NULL,3/7/1997,simlin58@ucoz.com,498-896-2793
190,Bronnie,Minnette,M,Software Engineer IV,7/9/2006,Madalena do Mar,Portugal,NULL,bminnette59@china.com.cn,545-932-5418
191,Lion,Enterle,M,Pharmacist,4/18/2010,Qingzhou,China,NULL,NULL,690-456-4615
192,Zebadiah,Payze,M,Recruiting Manager,9/25/2002,NULL,China,9/24/1961,NULL,565-246-8644
193,Jaine,Wigan,F,Assistant Media Planner,4/27/2001,Iwai,NULL,NULL,jwigan5c@webs.com,383-600-5900
194,Lenard,Urry,M,Editor,6/8/2008,Sobral da Adiça,Portugal,10/25/1961,lurry5d@friendfeed.com,681-142-8365
195,Broddy,Strain,M,Safety Technician I,4/19/2009,NULL,NULL,8/8/1979,NULL,518-217-1330
196,Dur,Lawie,M,Database Administrator III,11/14/2009,NULL,Pakistan,NULL,dlawie5f@indiegogo.com,422-411-6315
197,Sarge,Simeone,M,Safety Technician II,7/13/2014,NULL,Poland,3/15/2003,ssimeone5g@macromedia.com,303-228-7519
198,Rowan,Ledram,M,Nurse,5/11/2020,Sibay,NULL,3/23/1972,NULL,394-797-8886
199,Arlyn,Barkes,F,Analog Circuit Design manager,4/12/2019,NULL,Philippines,3/13/1960,abarkes5i@squidoo.com,861-367-1694
200,Wayne,Mantha,M,Web Developer IV,4/16/2021,Xinzhaiping,China,5/10/1978,wmantha5j@google.de,931-813-2185
201,William,Zanelli,M,VP Quality Control,5/15/2019,Itápolis,Brazil,2/19/1971,NULL,683-165-2139
202,Cornie,McCardle,M,Marketing Assistant,6/12/2014,NULL,NULL,NULL,cmccardle5l@hud.gov,917-503-0293
203,Trish,Gasparro,F,Software Engineer III,3/7/2016,Nijmegen,Netherlands,NULL,NULL,918-100-9823
204,Ludwig,Couttes,M,Account Representative IV,4/4/2006,NULL,Germany,2/20/2005,lcouttes5n@seattletimes.com,731-980-5059
205,Helyn,Gutteridge,F,Professor,8/17/2006,Sallanches,France,NULL,hgutteridge5o@shinystat.com,537-337-7704
206,Corena,Dibbin,F,Engineer II,3/12/2017,NULL,Honduras,10/17/1977,cdibbin5p@bloglines.com,137-911-0716
207,Toby,Fewtrell,F,Dental Hygienist,12/26/2011,NULL,Belarus,NULL,tfewtrell5q@disqus.com,876-679-0499
208,Denver,Guilbert,M,Human Resources Manager,12/11/2010,Chaiyaphum,Thailand,5/9/1964,NULL,200-716-7122
209,Archambault,Lucio,M,VP Accounting,2/14/2017,NULL,NULL,NULL,alucio5s@privacy.gov.au,472-189-5738
210,Cori,Deare,M,Librarian,3/20/2022,Katsina,Nigeria,4/22/1972,cdeare5t@seattletimes.com,620-550-4012
211,Devan,Meedendorpe,F,Project Manager,10/30/2014,Eg,Mongolia,NULL,dmeedendorpe5u@diigo.com,172-616-4554
212,Courtney,Reely,M,Assistant Manager,4/25/2009,NULL,NULL,3/10/2015,creely5v@google.it,211-740-5005
213,Eduardo,Brimley,M,Safety Technician IV,12/23/2013,Tulay,Philippines,NULL,ebrimley5w@msn.com,820-751-6576
214,Willis,Ringrose,M,Senior Quality Engineer,6/4/2003,Swieradów-Zdrój,Poland,NULL,wringrose5x@sina.com.cn,109-142-7317
215,Lyn,Gartenfeld,M,Assistant Media Planner,7/1/2019,NULL,China,NULL,lgartenfeld5y@so-net.ne.jp,691-441-3970
216,Julio,Hakonsen,M,Human Resources Assistant I,7/3/2008,Kish,Iran,NULL,jhakonsen5z@biglobe.ne.jp,278-342-0640
217,Arleta,Impy,F,Pharmacist,9/21/2014,Bestöbe,NULL,NULL,aimpy60@webmd.com,972-875-2732
218,Reagen,Mahady,M,Cost Accountant,4/2/2003,Corral,Chile,1/5/2004,rmahady61@diigo.com,559-476-5173
219,Larry,Joskovitch,M,Director of Sales,7/1/2016,NULL,China,12/25/1992,ljoskovitch62@dyndns.org,118-535-5450
220,Jeana,Laybourn,F,VP Accounting,11/7/2008,Luyang,China,4/9/1997,jlaybourn63@pinterest.com,919-815-1887
221,Averell,Runnicles,M,Technical Writer,9/27/2005,NULL,Canada,2/17/2006,NULL,670-739-4220
222,Katinka,Heathfield,F,Accounting Assistant I,10/9/2011,NULL,Tunisia,NULL,kheathfield65@paypal.com,478-610-3301
223,Oralia,Sprigin,F,Teacher,4/30/2018,Abdurahmoni Jomí,Tajikistan,NULL,osprigin66@privacy.gov.au,301-391-2634
224,Terry,Culpan,M,Research Nurse,4/21/2002,NULL,Indonesia,5/21/2005,tculpan67@freewebs.com,797-716-5541
225,Arlen,Leyland,F,Staff Scientist,7/17/2009,Xianyan,China,NULL,NULL,664-335-9907
226,Camey,Klugman,M,Research Assistant II,10/30/2009,Paris 01,France,8/16/2012,NULL,914-597-8731
227,Constantin,Iozefovich,M,Social Worker,9/2/2004,NULL,China,NULL,ciozefovich6a@buzzfeed.com,195-584-6035
228,Cly,D'Alessio,M,Registered Nurse,8/13/2009,NULL,Poland,NULL,cdalessio6b@blogspot.com,597-160-0740
229,Lucienne,Aland,F,Safety Technician II,8/21/2010,Wonju,NULL,NULL,laland6c@wix.com,904-272-5810
230,Preston,Topham,M,Recruiter,12/22/2010,Gongbuxue,NULL,NULL,ptopham6d@wufoo.com,504-245-7847
231,Junette,Konig,F,Project Manager,7/22/2013,NULL,Sweden,NULL,jkonig6e@salon.com,837-243-9692
232,Jaye,Kenneford,M,Programmer Analyst IV,12/3/2000,Acarigua,NULL,NULL,jkenneford6f@walmart.com,521-984-5953
233,Latrina,Huckle,F,Desktop Support Technician,12/20/2006,Sidi Qacem,NULL,NULL,lhuckle6g@livejournal.com,101-547-0361
234,Tina,Pech,F,Marketing Assistant,12/12/2007,Sophia Antipolis,France,NULL,NULL,132-384-3360
235,Oralia,Pembridge,F,Senior Quality Engineer,11/4/2009,NULL,Thailand,NULL,opembridge6i@usa.gov,445-833-1054
236,Barnett,Alves,M,Accounting Assistant I,3/14/2021,NULL,NULL,NULL,NULL,789-398-2167
237,Alfie,Nisot,F,Staff Accountant I,1/29/2001,NULL,NULL,NULL,anisot6k@bravesites.com,579-503-4216
238,Patric,Belchamp,M,Software Engineer IV,7/31/2009,NULL,China,NULL,NULL,110-167-2618
239,Sephira,Scay,F,Research Associate,11/16/2021,Hongguang,China,NULL,sscay6m@diigo.com,976-934-7590
240,Westleigh,Senten,M,Chemical Engineer,4/30/2005,Bay?an,Yemen,NULL,NULL,934-328-0888
241,Piggy,Arundel,M,Staff Accountant IV,4/22/2019,NULL,NULL,3/24/1952,parundel6o@psu.edu,684-812-6004
242,Dyanna,Thorburn,F,Nurse,9/21/2013,Virginia Beach,United States,12/11/1981,NULL,757-910-9917
243,Rollin,Sandlin,M,Research Assistant III,11/6/2016,Lluidas Vale,Jamaica,NULL,rsandlin6q@adobe.com,739-706-1232
244,Felipa,Shawcroft,F,Sales Associate,10/5/2012,Trzebinia,Poland,NULL,NULL,358-896-9127
245,Prue,Pedreschi,F,Account Coordinator,5/31/2017,Dallas,United States,12/19/2000,NULL,972-844-1908
246,Wilhelm,Hawket,M,Office Assistant I,4/21/2015,Juhut,Indonesia,7/20/2003,whawket6t@addtoany.com,455-866-5471
247,Ikey,Elcom,M,Desktop Support Technician,10/21/2000,Banjar Baleagung,Indonesia,NULL,ielcom6u@imageshack.us,750-541-7935
248,Barnaby,Allabush,M,Registered Nurse,8/2/2012,NULL,Mexico,NULL,ballabush6v@opera.com,261-392-4966
249,Calley,Clutheram,F,Senior Cost Accountant,5/4/2009,NULL,Indonesia,NULL,cclutheram6w@mozilla.com,497-500-1441
250,Kort,Grahl,M,Software Engineer I,7/12/2009,Foshan,China,8/18/1970,kgrahl6x@free.fr,597-802-0060
251,Ximenes,Itzkov,M,Sales Representative,1/11/2004,Nizhnyaya Salda,Russia,NULL,NULL,685-999-5724
252,Wallache,Gill,M,Account Coordinator,8/16/2010,Kiuruvesi,Finland,NULL,NULL,298-294-5821
253,Bren,Procter,F,Research Associate,6/25/2006,NULL,Canada,NULL,bprocter70@mit.edu,604-186-5485
254,Fraser,Bullman,M,Human Resources Manager,10/3/2002,Matingain,NULL,7/13/1989,fbullman71@opera.com,282-789-6119
255,Bil,Meachem,M,Registered Nurse,6/15/2017,Makrochóri,Greece,NULL,bmeachem72@google.ca,985-365-3335
256,Riobard,Greally,M,Environmental Specialist,4/4/2011,NULL,Madagascar,4/5/1986,rgreally73@typepad.com,880-424-7874
257,Rinaldo,Cariss,M,Account Coordinator,1/4/2014,Salgar,Colombia,10/4/1990,rcariss74@opensource.org,253-884-2656
258,Abbie,Wootton,F,Community Outreach Specialist,12/30/2017,Juybar,Iran,4/20/1993,NULL,603-521-8565
259,Benyamin,Stopher,M,Legal Assistant,3/16/2015,NULL,Cameroon,3/1/1959,NULL,919-837-9784
260,Joana,Crowne,F,Librarian,9/12/2019,Volgo-Kaspiyskiy,Russia,6/7/1952,NULL,399-639-0049
261,Killie,Biswell,M,Librarian,4/22/2009,Bankim,Cameroon,NULL,kbiswell78@exblog.jp,513-856-4503
262,Barney,Joost,M,Nuclear Power Engineer,5/18/2017,NULL,Madagascar,NULL,NULL,134-502-7246
263,Martyn,Jeayes,M,Payment Adjustment Coordinator,6/26/2019,Gourma Rharous,Mali,NULL,mjeayes7a@moonfruit.com,462-484-5046
264,Vlad,Caskey,M,Senior Financial Analyst,11/19/2009,Taotang,China,NULL,NULL,494-500-7150
265,Doris,Crumpton,F,Teacher,10/7/2008,NULL,Indonesia,NULL,NULL,872-729-2153
266,Barbabas,Tellesson,M,Analyst Programmer,3/8/2006,NULL,China,3/7/1957,NULL,940-939-5171
267,Elsy,Harmston,F,Nurse,1/8/2006,Kubangeceng,Indonesia,NULL,eharmston7e@princeton.edu,331-909-6839
268,Layney,Ramsby,F,Office Assistant II,1/29/2022,Vyshniy Volochëk,Russia,NULL,NULL,640-916-5314
269,Buckie,Parncutt,M,Chemical Engineer,4/15/2014,NULL,Canada,NULL,NULL,848-458-6583
270,Harp,Sendley,M,Financial Analyst,8/2/2002,Binucayan,Philippines,NULL,NULL,506-959-6739
271,Quill,Tytherton,M,Accountant III,3/3/2019,Gumalang,NULL,11/11/1993,NULL,374-374-8793
272,Lorette,Riditch,F,Assistant Manager,6/17/2006,Cibunar,NULL,4/5/1955,lriditch7j@bizjournals.com,637-610-5554
273,Lyndsie,D'Alesio,F,Database Administrator II,2/2/2019,Anzi,NULL,NULL,NULL,478-951-2521
274,Sibel,Jindra,F,Registered Nurse,6/15/2020,NULL,Moldova,1/5/1964,sjindra7l@cocolog-nifty.com,314-909-2714
275,Reed,Gaynesford,M,Accounting Assistant IV,5/13/2018,NULL,Poland,NULL,rgaynesford7m@craigslist.org,775-835-9432
276,Damiano,Cawdell,M,Statistician IV,8/14/2015,NULL,Indonesia,12/19/1988,NULL,801-585-4352
277,Jackson,Steckings,M,VP Sales,11/7/2001,NULL,Canada,7/22/1957,NULL,430-793-4628
278,Annamarie,Carreyette,F,Senior Sales Associate,3/7/2015,NULL,Angola,NULL,NULL,744-312-4716
279,Torrin,Lye,M,Electrical Engineer,10/4/2012,NULL,Indonesia,NULL,tlye7q@usda.gov,414-588-6228
280,Merrill,Rowbury,F,Accountant II,10/7/2006,Barah,NULL,3/15/1967,NULL,141-637-2399
281,Demetre,Philipot,M,Web Developer I,11/2/2007,Th? Tr?n Nga Son,Vietnam,NULL,NULL,533-599-0436
282,Millard,Peepall,M,Design Engineer,12/30/2011,NULL,Nigeria,4/17/1979,NULL,890-307-4703
283,Gearard,Dunniom,M,Assistant Manager,10/20/2015,Shangmofang,China,NULL,gdunniom7u@nsw.gov.au,826-259-2944
284,Woodie,Waterstone,M,Nurse,5/21/2010,NULL,NULL,9/5/1987,wwaterstone7v@bing.com,716-650-8628
285,Anastasia,Gale,F,Senior Developer,6/6/2011,Beiyang,China,NULL,NULL,972-461-2587
286,Katrinka,Havelin,F,Nuclear Power Engineer,5/19/2006,Dongfu,China,NULL,khavelin7x@java.com,649-102-2312
287,Des,Crielly,M,Statistician II,6/24/2000,NULL,Iran,1/14/1952,NULL,405-402-6145
288,Daryl,Fourcade,F,Systems Administrator III,7/24/2001,Guilherand-Granges,NULL,NULL,dfourcade7z@blinklist.com,192-502-2436
289,Patty,Verne,M,Actuary,2/25/2021,NULL,NULL,10/26/1963,pverne80@businesswire.com,817-853-3450
290,Vanya,McGlashan,M,Software Test Engineer I,9/16/2013,NULL,NULL,NULL,vmcglashan81@wufoo.com,595-417-0068
291,Caron,Fortnon,F,Analyst Programmer,9/20/2010,NULL,Portugal,NULL,cfortnon82@lycos.com,863-992-2879
292,Gavrielle,Julian,F,Nurse,12/10/2015,Tacheng,NULL,NULL,NULL,405-579-8595
293,Winn,Imbrey,M,Automation Specialist I,4/20/2002,NULL,France,NULL,wimbrey84@reference.com,947-114-1812
294,Christophe,Zukerman,M,Financial Analyst,1/20/2017,NULL,Indonesia,2/13/1991,czukerman85@pagesperso-orange.fr,285-428-2897
295,Germain,Gerrett,M,Physical Therapy Assistant,2/6/2019,Saint Petersburg,United States,8/13/2010,ggerrett86@noaa.gov,727-258-8413
296,Quentin,Budik,F,Human Resources Manager,1/22/2022,NULL,Indonesia,2/25/1988,qbudik87@goodreads.com,354-773-6692
297,Pepillo,Haycroft,M,Environmental Tech,1/7/2020,NULL,Russia,NULL,phaycroft88@dell.com,424-979-2526
298,Herbert,Curnok,M,Teacher,2/18/2013,El Tablón,Honduras,4/3/1979,NULL,860-752-0218
299,Weber,Nicholes,M,Health Coach II,9/16/2015,Jajaway,Indonesia,1/27/1979,NULL,800-405-7625
300,Domini,Regitz,F,Financial Analyst,9/12/2008,Lancheng,China,1/30/2002,NULL,491-104-4888
301,Blondy,Youle,F,Programmer II,7/21/2019,NULL,Japan,NULL,byoule8c@woothemes.com,461-526-6651
302,Veda,Swigger,F,Structural Engineer,3/14/2013,Tacarigua,Venezuela,NULL,vswigger8d@whitehouse.gov,142-889-5516
303,Nessa,Wheatland,F,Human Resources Manager,2/10/2014,Choros,Peru,9/19/1985,NULL,177-324-0921
304,Dianna,Daborn,F,Director of Sales,4/28/2018,Dengtang,NULL,NULL,NULL,126-459-3678
305,Patrizia,Leftbridge,F,Nurse Practicioner,11/3/2012,Presnenskiy,Russia,10/28/1963,NULL,900-345-1944
306,Joya,Saph,F,Legal Assistant,1/24/2019,Polyarnyy,Russia,NULL,NULL,582-227-0850
307,Lettie,Templeman,F,Compensation Analyst,5/9/2014,Jinlong,NULL,NULL,NULL,222-553-2801
308,Gabey,Biaggiotti,F,Quality Control Specialist,11/15/2007,Guebwiller,France,8/13/1972,NULL,425-474-3515
309,Audi,Islep,F,Paralegal,8/18/2010,Arvika,Sweden,NULL,NULL,521-222-8669
310,Les,Castagneri,M,Financial Advisor,4/26/2021,Gornyak,Russia,NULL,NULL,387-829-0719
311,Edsel,Kinvig,M,Recruiter,12/4/2016,Jambuir Timur,Indonesia,NULL,ekinvig8m@addthis.com,665-241-3289
312,Antonetta,Vannacci,F,Pharmacist,10/18/2020,Langgapayung,Indonesia,5/7/1984,NULL,188-536-7963
313,Delila,Lardier,F,VP Quality Control,5/26/2014,NULL,Portugal,NULL,dlardier8o@ox.ac.uk,746-803-5865
314,Isidor,Frankland,M,Database Administrator IV,11/28/2010,NULL,China,NULL,ifrankland8p@is.gd,932-919-4686
315,Fabian,Featherston,M,Electrical Engineer,3/18/2012,Melun,France,NULL,ffeatherston8q@scribd.com,208-333-1754
316,Rycca,Darthe,F,Environmental Tech,6/21/2006,Ambelón,Greece,NULL,rdarthe8r@google.com.hk,324-158-5372
317,Nadiya,Povey,F,GIS Technical Architect,5/25/2003,Netishyn,Ukraine,6/25/1992,NULL,520-478-1908
318,Lane,Mish,F,Health Coach III,8/3/2012,Rancaseneng,NULL,NULL,NULL,964-524-8730
319,Mateo,Abernethy,M,Recruiting Manager,10/19/2003,Škofljica,Slovenia,NULL,NULL,242-646-7682
320,Jake,Paradin,M,Budget/Accounting Analyst IV,6/1/2003,NULL,Ukraine,3/14/1995,NULL,778-327-2312
321,Celka,Vearncombe,F,Media Manager I,3/11/2015,NULL,Russia,3/24/1983,NULL,864-214-7478
322,Morganica,McIlvaney,F,Junior Executive,7/5/2003,NULL,Sweden,5/8/1978,mmcilvaney8x@t-online.de,628-807-8273
323,Carlo,Belford,M,Quality Engineer,4/17/2002,NULL,Philippines,3/18/1998,NULL,970-508-5545
324,Gordon,Retchford,M,Senior Financial Analyst,10/12/2001,Serra de Santa Marinha,Portugal,7/5/2002,gretchford8z@virginia.edu,789-809-8634
325,Edin,Berthome,F,Nuclear Power Engineer,2/28/2015,NULL,Nigeria,1/23/1969,eberthome90@jalbum.net,578-512-2292
326,Florie,Steanson,F,Web Developer IV,12/8/2007,NULL,Russia,NULL,fsteanson91@bloglines.com,587-576-2287
327,Gaven,Tutton,M,Recruiter,2/23/2007,NULL,China,4/20/2008,gtutton92@free.fr,429-194-6813
328,Pauly,Fevier,M,Payment Adjustment Coordinator,8/12/2014,Spånga,Sweden,NULL,pfevier93@google.de,402-472-7029
329,Raquela,Domeny,F,Technical Writer,11/16/2007,Chirpan,NULL,NULL,rdomeny94@symantec.com,514-151-4456
330,Zorine,Jelkes,F,Junior Executive,4/1/2002,Chapecó,Brazil,NULL,NULL,880-856-6643
331,Tremayne,Hearsum,M,Assistant Media Planner,10/4/2021,Várzea,Portugal,NULL,thearsum96@sina.com.cn,616-745-0469
332,Fowler,Priddy,M,Civil Engineer,2/27/2017,NULL,Indonesia,NULL,fpriddy97@cisco.com,350-823-6659
333,Lilli,Marcroft,F,Health Coach II,12/26/2005,NULL,Honduras,1/7/1975,NULL,148-311-6646
334,Harman,Ingry,M,Biostatistician II,8/9/2021,Xiwei,China,NULL,NULL,246-656-1345
335,Brucie,McCluin,M,Social Worker,8/1/2008,NULL,Samoa,6/3/1958,NULL,299-448-9977
336,Carlotta,Dring,F,Dental Hygienist,7/19/2012,Dosso,Niger,7/4/1961,NULL,315-930-3262
337,Ivett,Boulsher,F,Analog Circuit Design manager,1/7/2009,Strogino,NULL,NULL,iboulsher9c@google.de,126-428-5776
338,Emalia,Joice,F,Automation Specialist I,8/28/2005,Jinjiang,NULL,NULL,ejoice9d@spiegel.de,192-359-4009
339,Abey,Ianiello,M,Staff Accountant III,10/23/2017,Tõrva,Estonia,12/29/2003,aianiello9e@photobucket.com,511-429-0682
340,Mattheus,Sent,M,Internal Auditor,1/18/2007,Gambaru,Nigeria,NULL,NULL,194-186-8533
341,Schuyler,Codron,M,Technical Writer,5/26/2021,Tocok,Philippines,4/27/1970,NULL,504-865-6492
342,Maridel,Frosch,F,Senior Developer,11/12/2018,Ban Huai Thalaeng,NULL,NULL,NULL,472-954-6289
343,Meghann,Boon,F,VP Quality Control,5/19/2020,Khodzhi-Gasan,Azerbaijan,NULL,mboon9i@phoca.cz,241-305-1343
344,Bamby,Bloyes,F,Engineer I,7/10/2002,Atalaia,Portugal,NULL,bbloyes9j@nhs.uk,720-984-3612
345,Hazel,Giller,M,Safety Technician IV,9/10/2014,NULL,Russia,NULL,hgiller9k@narod.ru,611-387-2608
346,Misha,Beig,F,Senior Quality Engineer,12/21/2007,NULL,Bangladesh,NULL,mbeig9l@pen.io,830-716-4848
347,Fergus,Spawforth,M,Operator,1/7/2009,NULL,Egypt,6/11/2009,fspawforth9m@i2i.jp,464-782-0192
348,Cory,Hewins,M,Librarian,3/22/2008,NULL,Indonesia,NULL,NULL,629-431-9907
349,Minetta,Whitty,F,Actuary,9/13/2005,Pedra Furada,Portugal,6/5/2011,mwhitty9o@who.int,989-510-0635
350,Clevie,Poolton,M,Statistician III,7/18/2014,Messina,NULL,NULL,NULL,844-433-9248
351,Kinsley,Slainey,M,Nurse Practicioner,11/4/2002,NULL,Ecuador,NULL,NULL,613-873-7723
352,Glory,Keeler,F,Software Engineer IV,4/19/2022,NULL,Russia,NULL,gkeeler9r@mit.edu,948-752-1046
353,Nelli,Cowap,F,Mechanical Systems Engineer,8/7/2018,Kotabaru,NULL,NULL,NULL,105-890-1755
354,Oswald,Luetchford,M,Programmer II,7/22/2009,Paso de Indios,Argentina,NULL,NULL,660-618-9429
355,Neala,Isworth,F,Budget/Accounting Analyst II,7/8/2013,Fushi,China,NULL,nisworth9u@omniture.com,870-257-3690
356,Filberto,Fasse,M,Structural Engineer,11/14/2005,San Ramón,Peru,NULL,NULL,623-823-5342
357,Chantalle,Rehm,F,Senior Editor,1/13/2019,Pensilvania,Colombia,NULL,NULL,937-176-0962
358,Judd,Watkiss,M,Help Desk Operator,5/24/2005,NULL,Indonesia,NULL,NULL,756-234-4144
359,Easter,Jeandillou,F,Design Engineer,7/15/2002,San Miguel de Tucumán,Argentina,6/29/1995,NULL,703-230-4099
360,Kerrill,Rivallant,F,Executive Secretary,2/24/2018,Taochuan,China,9/5/1984,krivallant9z@themeforest.net,304-559-6544
361,Alfy,Stow,M,Assistant Media Planner,9/8/2003,Shuanghe,NULL,NULL,astowa0@drupal.org,596-627-0237
362,Blanche,Ludford,F,Senior Financial Analyst,2/23/2022,NULL,Saudi Arabia,4/27/1962,bludforda1@fc2.com,217-956-0927
363,Lorenzo,Marder,M,Staff Scientist,12/14/2017,NULL,Philippines,10/12/1959,lmardera2@dyndns.org,268-634-1163
364,Giorgio,Jessep,M,VP Quality Control,6/7/2007,Chyzne,Poland,10/8/1977,NULL,421-347-5254
365,Lucienne,Flemmich,F,Data Coordinator,3/30/2009,NULL,Guatemala,NULL,NULL,924-224-8677
366,Julian,Jurick,M,Data Coordinator,3/19/2014,NULL,China,NULL,NULL,785-971-7700
367,Parsifal,Eager,M,Media Manager III,3/26/2002,Ripky,Ukraine,8/9/1972,peagera6@altervista.org,362-924-8361
368,Ase,Nuzzetti,M,Legal Assistant,1/11/2009,Kertai,China,11/8/2000,NULL,233-132-9541
369,Lammond,Thireau,M,Database Administrator III,1/2/2004,Choca do Mar,Portugal,7/6/1951,lthireaua8@surveymonkey.com,183-746-7089
370,Stephine,Eouzan,F,Financial Analyst,3/27/2022,Pinglin,China,5/10/2011,seouzana9@infoseek.co.jp,889-346-6828
371,Joyann,Strettell,F,Structural Analysis Engineer,5/5/2001,Zhaojia,China,NULL,NULL,171-496-7729
372,Sharia,Brotherick,F,Chief Design Engineer,4/11/2012,Lào Cai,NULL,NULL,sbrotherickab@cafepress.com,293-225-7141
373,Clim,Anthonies,M,Mechanical Systems Engineer,6/18/2015,Chuncheon,South Korea,NULL,canthoniesac@toplist.cz,140-241-7264
374,Kit,Bortoletti,M,Biostatistician IV,7/25/2022,NULL,Poland,NULL,kbortolettiad@woothemes.com,399-191-1459
375,Ondrea,Drees,F,Programmer III,10/24/2015,Miaotang,China,NULL,odreesae@pen.io,127-498-3995
376,Phillipp,Pennyman,M,Desktop Support Technician,8/26/2013,Tinaco,Venezuela,NULL,NULL,405-375-7861
377,Staford,Cutmare,M,Database Administrator II,8/5/2014,Ruchihe,China,NULL,scutmareag@businesswire.com,510-809-4591
378,Delcine,Beeby,F,Pharmacist,6/13/2014,Napanee Downtown,Canada,NULL,dbeebyah@dailymail.co.uk,461-345-0752
379,Darwin,Shanahan,M,Occupational Therapist,11/1/2001,Plesná,Czech Republic,4/13/1983,dshanahanai@answers.com,187-751-8588
380,Gayle,Beavington,M,Research Assistant I,2/1/2003,NULL,Indonesia,9/27/1992,gbeavingtonaj@webnode.com,490-661-0565
381,Bartolemo,Toseland,M,Registered Nurse,5/1/2008,Vila Pouca da Beira,Portugal,NULL,NULL,432-468-3051
382,Gwenore,Humpherson,F,Computer Systems Analyst IV,7/28/2016,NULL,China,NULL,ghumphersonal@cargocollective.com,417-482-8963
383,Christoper,Gerler,M,Help Desk Technician,6/22/2003,NULL,NULL,11/24/1959,NULL,329-339-3235
384,Udell,Duell,M,Internal Auditor,4/13/2001,Bairan,Philippines,NULL,NULL,354-719-7372
385,Wernher,Ballantine,M,Geologist III,7/28/2021,Sukorejo,NULL,6/28/1989,wballantineao@tinyurl.com,577-888-0076
386,Minor,Sandford,M,Chief Design Engineer,1/7/2009,NULL,Russia,10/18/1961,NULL,217-587-3060
387,Mel,Aleksahkin,M,Senior Financial Analyst,11/28/2013,Lanxi,China,12/15/2006,NULL,245-980-9063
388,Ives,Gallally,M,Programmer Analyst III,7/10/2005,Sumuran,Indonesia,4/28/2005,NULL,265-301-3237
389,Kingston,Mateos,M,Environmental Tech,12/16/2007,NULL,Nigeria,9/13/1992,NULL,989-730-6162
390,Pierette,Melland,F,Librarian,8/9/2019,Krynychky,Ukraine,NULL,pmellandat@themeforest.net,742-619-8297
391,Kimberlyn,Dicey,F,Web Designer IV,1/3/2014,Xiaoguan,NULL,NULL,kdiceyau@de.vu,188-476-3114
392,Cosme,Blenkensop,M,Engineer III,11/22/2001,NULL,Venezuela,5/1/1954,cblenkensopav@amazon.co.jp,263-275-6912
393,Ermina,Carmichael,F,Office Assistant II,5/2/2013,NULL,Indonesia,NULL,NULL,500-325-4319
394,Alisander,Bowerbank,M,Assistant Media Planner,6/2/2005,NULL,Poland,2/4/1966,abowerbankax@bluehost.com,852-148-6957
395,Cindie,Aldersley,F,GIS Technical Architect,7/28/2016,NULL,China,NULL,caldersleyay@adobe.com,448-629-4291
396,Clarey,Sailor,F,Recruiter,7/17/2011,Évry,NULL,NULL,NULL,789-671-2014
397,Ricard,Axcel,M,Environmental Tech,2/29/2004,NULL,Thailand,8/5/1966,raxcelb0@last.fm,832-771-5609
398,Kristal,Jakubovicz,F,Senior Cost Accountant,8/25/2006,Gyoda,Japan,NULL,kjakuboviczb1@sun.com,714-841-8685
399,Lena,Youles,F,Biostatistician II,4/18/2016,Tuburan,Philippines,NULL,NULL,432-210-1843
400,Thibaud,Shuttell,M,Account Executive,7/24/2010,Utrecht,NULL,1/13/1965,NULL,714-427-7796
401,Cordula,Book,F,Developer III,4/7/2013,Quintães,Portugal,8/31/1959,cbookb4@virginia.edu,955-837-4065
402,Weider,Reuble,M,Computer Systems Analyst I,9/11/2009,Banjar Peguyangan,Indonesia,NULL,wreubleb5@princeton.edu,668-899-7620
403,Shelbi,Coneybeare,F,Senior Developer,10/26/2020,København,Denmark,NULL,sconeybeareb6@chicagotribune.com,618-567-4631
404,Kaye,Garces,F,Librarian,9/14/2022,NULL,Honduras,NULL,kgarcesb7@surveymonkey.com,339-461-1711
405,Leia,Vasilenko,F,VP Sales,4/6/2004,Hujiaying,China,12/12/2011,lvasilenkob8@gmpg.org,963-591-0252
406,Clarabelle,Karel,F,Structural Engineer,11/4/2007,Azeitão,Portugal,7/24/1968,NULL,622-368-1776
407,Jackie,Yesinin,F,Web Developer IV,4/18/2006,NULL,Japan,NULL,NULL,452-417-2706
408,Cary,Merrigan,F,Geologist IV,9/21/2013,Jaraguá do Sul,Brazil,NULL,cmerriganbb@comcast.net,962-847-3337
409,Nealy,Facchini,M,Developer IV,11/28/2013,NULL,Serbia,NULL,nfacchinibc@networkadvertising.org,352-939-9693
410,Hill,Carney,M,Senior Cost Accountant,8/29/2012,Libei,China,1/23/1959,NULL,459-827-4792
411,Sterne,Balsom,M,Analyst Programmer,8/1/2007,Estreito Câmara de Lobos,Portugal,NULL,NULL,715-440-0742
412,Aksel,Bartot,M,Human Resources Manager,9/29/2020,Bagratashen,Armenia,NULL,NULL,355-723-2395
413,Kingsly,Belvard,M,VP Sales,1/25/2003,NULL,NULL,2/26/1955,kbelvardbg@psu.edu,907-627-4129
414,Ber,Weben,M,Financial Advisor,10/13/2012,Bungu,Tanzania,NULL,NULL,276-824-6624
415,Becki,Bursnoll,F,Research Associate,7/5/2004,NULL,NULL,NULL,NULL,210-176-9725
416,Cad,Capner,M,Cost Accountant,3/17/2022,Llauta,NULL,NULL,ccapnerbj@deliciousdays.com,210-764-6748
417,Marget,Alexandrescu,F,Geological Engineer,6/8/2000,Guacarí,Colombia,NULL,malexandrescubk@opera.com,745-377-0044
418,Natassia,Magovern,F,Budget/Accounting Analyst III,8/9/2010,Morazán,NULL,NULL,nmagovernbl@nasa.gov,900-913-7589
419,Elnora,Davey,F,Automation Specialist IV,12/3/2001,NULL,Sweden,7/4/1977,edaveybm@hostgator.com,460-401-3677
420,Cordie,Pestell,M,Librarian,10/26/2019,Makbon,Indonesia,NULL,cpestellbn@over-blog.com,987-798-7814
421,Jana,Greathead,F,Teacher,5/8/2018,Arenas,Philippines,NULL,jgreatheadbo@dyndns.org,243-983-2141
422,Casey,Rannigan,M,Assistant Professor,2/13/2012,Marevo,Russia,12/17/1966,NULL,544-826-9829
423,Donny,Filkin,M,Director of Sales,6/19/2019,NULL,China,NULL,dfilkinbq@pen.io,587-537-9967
424,Beauregard,Giffon,M,Quality Control Specialist,5/16/2011,NULL,Panama,8/11/2002,NULL,126-769-9841
425,Patin,Hamly,M,Sales Associate,5/16/2007,NULL,NULL,NULL,NULL,992-121-8279
426,Bud,Kinneir,M,Developer I,3/14/2017,Zhenziliang,NULL,10/14/1994,bkinneirbt@list-manage.com,322-572-8247
427,Cyrill,Redhole,M,Director of Sales,10/15/2003,Martaban,NULL,NULL,credholebu@baidu.com,661-788-6548
428,Filippo,Salamon,M,VP Sales,10/7/2020,NULL,NULL,4/28/2011,NULL,104-467-1716
429,Kissie,Pietzker,F,Operator,11/16/2016,NULL,Ukraine,4/23/1973,kpietzkerbw@symantec.com,376-909-8946
430,Sammy,Parish,F,Senior Quality Engineer,7/27/2009,NULL,Belgium,NULL,sparishbx@foxnews.com,605-478-4122
431,Robers,Vaudre,M,Software Consultant,3/12/2011,Singajaya,Indonesia,1/1/1972,rvaudreby@accuweather.com,740-518-4810
432,Alexandrina,Southall,F,Operator,8/19/2013,Ciechanów,Poland,12/11/1962,NULL,305-566-5700
433,Berton,Clouston,M,Software Engineer III,5/27/2018,Sunan,North Korea,NULL,bcloustonc0@nps.gov,595-234-8495
434,Halli,Tidcombe,F,Clinical Specialist,10/31/2012,Nice,France,NULL,NULL,443-751-6251
435,Bari,Fitter,F,Web Designer III,7/5/2008,Fengyuan,NULL,9/12/1964,bfitterc2@noaa.gov,691-453-6408
436,Ransom,Dornan,M,Statistician IV,5/18/2011,Basail,Argentina,NULL,rdornanc3@columbia.edu,107-739-8769
437,Merle,Norres,F,Junior Executive,11/19/2020,Taourirt,Morocco,3/9/1967,NULL,763-857-8197
438,May,Colbrun,F,Computer Systems Analyst II,3/4/2003,NULL,NULL,11/13/2004,mcolbrunc5@goo.gl,792-540-4519
439,Adolphe,Seabon,M,Junior Executive,7/23/2016,Palilula,NULL,NULL,aseabonc6@networksolutions.com,136-105-9110
440,Neala,Stamper,F,Sales Representative,1/27/2016,Oygon,NULL,NULL,nstamperc7@oakley.com,266-895-5659
441,Carrissa,Breznovic,F,Safety Technician IV,2/11/2018,NULL,China,NULL,cbreznovicc8@youtu.be,916-742-1997
442,Giorgio,Lightning,M,Office Assistant I,6/18/2019,NULL,Kenya,4/22/1978,NULL,282-182-1182
443,Pepita,Celler,F,Clinical Specialist,11/1/2000,NULL,Swaziland,11/27/1977,NULL,652-120-7340
444,Ignatius,Dincey,M,Librarian,12/14/2003,Tilang,Indonesia,NULL,NULL,623-514-8056
445,Angel,Fogel,M,Budget/Accounting Analyst III,12/9/2011,Nekla,Poland,NULL,NULL,939-106-5156
446,Jehu,Murthwaite,M,Executive Secretary,10/18/2013,Cibingbin,NULL,NULL,jmurthwaitecd@mac.com,264-593-7612
447,Granville,Poore,M,VP Sales,1/9/2012,Kushnytsya,Ukraine,NULL,gpoorece@tripadvisor.com,375-684-0313
448,Terri-jo,Ivashnikov,F,Junior Executive,7/28/2016,Dianwan,China,NULL,tivashnikovcf@tiny.cc,837-218-1969
449,Brewster,Gehricke,M,Quality Control Specialist,11/25/2018,NULL,Russia,6/9/1955,NULL,866-377-1195
450,Muffin,Ducham,M,Quality Engineer,4/19/2010,NULL,China,NULL,NULL,928-851-5256
451,Justis,Borles,M,VP Marketing,10/8/2005,NULL,Croatia,NULL,NULL,340-468-2218
452,Keri,Gurery,F,Financial Advisor,10/3/2007,NULL,Russia,1/18/1969,NULL,704-956-2124
453,Maria,Nabbs,F,Registered Nurse,12/7/2012,NULL,NULL,3/10/1963,NULL,254-584-6203
454,Packston,Eggers,M,Chemical Engineer,2/9/2007,NULL,China,NULL,peggerscl@sina.com.cn,844-384-8458
455,Edie,Milkin,F,Media Manager IV,7/19/2004,Neuilly-sur-Marne,France,4/4/2002,NULL,804-563-0685
456,Avrit,Peat,F,Sales Representative,12/31/2000,Moengo,NULL,NULL,apeatcn@hostgator.com,745-686-8744
457,Allyn,Feares,F,Librarian,3/29/2008,Fangtang,China,NULL,afearesco@businesswire.com,615-796-7167
458,Shandee,Harder,F,Payment Adjustment Coordinator,5/7/2000,NULL,Paraguay,NULL,shardercp@washington.edu,719-967-4782
459,Vicky,Ivashechkin,F,Quality Engineer,4/7/2021,NULL,Palestinian Territory,NULL,vivashechkincq@myspace.com,783-564-5938
460,Archer,Gudgen,M,Statistician IV,8/17/2005,Libertador General San Martín,NULL,11/23/1996,NULL,130-387-4724
461,Kristina,Maunders,F,Analyst Programmer,4/16/2004,NULL,Colombia,NULL,NULL,592-394-7115
462,Kale,Reddell,M,Assistant Media Planner,7/20/2011,NULL,Philippines,NULL,NULL,666-810-9868
463,Gisele,Tilford,F,Quality Control Specialist,11/24/2004,Duyanggang,China,6/6/1994,gtilfordcu@netlog.com,651-845-4365
464,Penrod,Irdale,M,Cost Accountant,5/28/2022,Sukawaris,Indonesia,NULL,NULL,393-404-4200
465,Sibel,Yakutin,F,Dental Hygienist,6/11/2010,Strenci,Latvia,NULL,syakutincw@latimes.com,295-438-7258
466,Valeria,Vasentsov,F,Media Manager IV,12/17/2014,NULL,NULL,3/11/2012,vvasentsovcx@simplemachines.org,197-639-7176
467,Sheri,Brands,F,Database Administrator IV,12/1/2007,Gayle,Jamaica,NULL,sbrandscy@addthis.com,871-310-6629
468,Durward,Leagas,M,Actuary,4/8/2018,NULL,Philippines,NULL,NULL,673-771-7960
469,Garnette,Summerly,F,VP Sales,4/7/2005,NULL,Brazil,10/15/1977,NULL,606-750-5032
470,Kip,Leschelle,F,Office Assistant I,10/22/2018,NULL,Mexico,NULL,NULL,621-476-9278
471,Berta,Siseland,F,Registered Nurse,5/31/2001,Saint-Bruno-de-Montarville,Canada,8/14/1966,bsiselandd2@boston.com,917-535-6451
472,Amelia,Sailor,F,Clinical Specialist,6/12/2012,Al Jaghbub,Libya,8/4/1999,NULL,789-738-5097
473,Gabbie,Jillis,M,Media Manager IV,6/17/2009,NULL,Saudi Arabia,NULL,NULL,441-320-0879
474,Lethia,Bettanay,F,Project Manager,12/15/2002,Biliri,Nigeria,5/3/1990,NULL,414-992-7169
475,Florette,Climo,F,Engineer III,11/19/2011,Rennes,France,NULL,fclimod6@jimdo.com,919-285-4868
476,Hunter,Aspinall,M,Junior Executive,10/29/2015,Ngreco,Indonesia,NULL,haspinalld7@dropbox.com,205-736-0681
477,Reese,Nertney,M,Systems Administrator III,2/25/2014,Lens,France,4/18/1970,NULL,653-912-4666
478,Patten,Sambrook,M,Programmer Analyst I,12/19/2021,NULL,Philippines,NULL,NULL,435-768-8188
479,Jase,Ragate,M,Product Engineer,12/28/2015,Amphawa,Thailand,NULL,jragateda@economist.com,525-291-8522
480,Sinclair,Broske,M,Account Executive,2/22/2011,Alah Say,NULL,1/14/2004,sbroskedb@surveymonkey.com,220-303-1010
481,Westbrooke,Orris,M,Engineer II,6/24/2006,NULL,Brazil,11/19/1977,worrisdc@dyndns.org,339-515-6211
482,Coreen,Perrinchief,F,Safety Technician III,3/1/2022,Guatraché,Argentina,10/26/1978,cperrinchiefdd@goo.ne.jp,889-305-0037
483,Elton,Cash,M,VP Marketing,9/2/2015,Tai’an,China,NULL,ecashde@bloglovin.com,109-524-3329
484,Mallissa,Bremmer,F,Chemical Engineer,7/19/2003,Ituiutaba,Brazil,4/27/1952,mbremmerdf@exblog.jp,715-131-4706
485,Jens,Lawless,M,GIS Technical Architect,7/31/2009,Matanzas,Dominican Republic,NULL,jlawlessdg@slideshare.net,123-237-1696
486,Veriee,Beviss,F,Financial Analyst,5/30/2007,Asamboka,Indonesia,NULL,NULL,498-146-7743
487,Vinson,Morales,M,Human Resources Manager,1/25/2021,NULL,Colombia,NULL,vmoralesdi@europa.eu,990-847-1650
488,Thornie,Gillion,M,Librarian,9/24/2006,Jianfeng,China,NULL,NULL,970-280-2611
489,Mariele,Croux,F,Civil Engineer,6/6/2018,Ljig,Serbia,NULL,NULL,545-224-3804
490,Hans,Cluney,M,Software Engineer I,3/14/2022,Waterloo,Canada,11/24/1996,NULL,849-239-7508
491,Kayne,Voice,M,Account Executive,4/1/2013,NULL,Japan,NULL,NULL,125-183-3195
492,Catriona,O'Driscoll,F,Information Systems Manager,1/3/2001,Pontian,Philippines,NULL,codriscolldn@jiathis.com,124-547-4024
493,Lorrie,Clell,M,Assistant Professor,6/15/2001,NULL,Kenya,NULL,NULL,841-147-4067
494,Parker,Cocklie,M,Chemical Engineer,12/2/2017,NULL,Indonesia,NULL,NULL,782-344-7436
495,Lidia,Yanele,F,Computer Systems Analyst I,3/23/2010,Cachachi,Peru,NULL,lyaneledq@arstechnica.com,727-333-9881
496,Morgun,Aggus,M,Marketing Assistant,11/5/2022,NULL,NULL,NULL,maggusdr@phoca.cz,698-466-3882
497,Barbaraanne,Dayment,F,Business Systems Development Analyst,2/12/2006,Staropyshminsk,Russia,NULL,bdaymentds@oaic.gov.au,667-701-6120
498,Anton,L'Amie,M,Senior Sales Associate,11/7/2006,Lugang,China,NULL,alamiedt@flavors.me,664-724-9734
499,Thurston,Fallon,M,Media Manager II,2/11/2008,NULL,NULL,4/12/1983,tfallondu@bbc.co.uk,915-653-8722
500,Abelard,Gillimgham,M,Social Worker,7/1/2012,Itaituba,Brazil,NULL,NULL,531-261-1197
501,Amalita,Pozer,F,Data Coordinator,7/2/2016,Wanurian,Indonesia,10/5/2010,NULL,535-260-8444
502,Petey,Rea,M,Quality Engineer,2/25/2007,San Luis,Colombia,NULL,preadx@fc2.com,598-247-2359
503,Garreth,Lawlings,M,Paralegal,4/29/2003,Uppsala,Sweden,NULL,glawlingsdy@ox.ac.uk,925-663-8179
504,Doralin,Whellans,F,VP Marketing,5/25/2006,Cauto Cristo,Cuba,NULL,dwhellansdz@seesaa.net,607-328-4961
505,Kacy,Franzke,F,VP Quality Control,4/23/2011,NULL,Bulgaria,1/15/2015,NULL,349-142-8277
506,Preston,Chable,M,Internal Auditor,5/23/2019,Nosy Varika,NULL,NULL,NULL,271-438-7792
507,Janel,Kippie,F,Quality Engineer,5/8/2015,Pokrovskoye,Russia,NULL,jkippiee2@comcast.net,360-261-2848
508,Augustin,Breinl,M,Geological Engineer,2/9/2006,NULL,NULL,NULL,abreinle3@e-recht24.de,921-145-8445
509,Lanie,Forrester,M,Software Engineer II,5/29/2007,Orange,NULL,NULL,NULL,413-565-0658
510,Nicolas,Gillies,M,Staff Accountant I,3/3/2018,Yizhang Chengguanzhen,China,11/21/2012,ngilliese5@springer.com,236-590-1451
511,Cleo,Creavin,F,Office Assistant III,8/17/2015,NULL,Honduras,NULL,NULL,418-723-3978
512,Agathe,Traill,F,Research Assistant III,7/27/2019,Paninggaran,Indonesia,10/25/1986,NULL,357-570-6971
513,Celine,Wackett,F,General Manager,1/9/2010,NULL,China,4/30/1965,cwackette8@imageshack.us,109-789-2652
514,Jammie,Ledrun,F,Geological Engineer,7/30/2004,Chongju,North Korea,NULL,jledrune9@vimeo.com,242-642-9610
515,Basilius,Blanking,M,Desktop Support Technician,4/9/2003,San Antonio,NULL,NULL,bblankingea@alexa.com,210-384-7214
516,Gretal,Kees,F,Help Desk Technician,8/29/2016,Nevel’,Russia,NULL,NULL,149-353-1814
517,Brodie,Parfitt,M,General Manager,12/21/2005,NULL,NULL,NULL,bparfittec@huffingtonpost.com,786-283-6225
518,Aurlie,Roisen,F,Assistant Professor,11/23/2003,NULL,NULL,NULL,NULL,808-673-1234
519,Armand,Getch,M,Editor,2/18/2013,Valky,Ukraine,NULL,NULL,349-642-1001
520,Arni,Collum,M,Web Developer III,8/22/2016,Candi,Indonesia,NULL,acollumef@salon.com,875-910-3795
521,Ragnar,Greenhough,M,Community Outreach Specialist,4/11/2017,Smarde,Latvia,1/7/1992,rgreenhougheg@artisteer.com,150-379-8433
522,Jordan,Locard,F,Engineer II,4/1/2010,Neuilly-sur-Seine,France,10/1/1984,jlocardeh@vistaprint.com,977-145-3072
523,Monroe,Hymer,M,VP Marketing,8/6/2022,Baohe,China,NULL,mhymerei@cam.ac.uk,322-434-3182
524,Iona,Simonich,F,VP Marketing,10/29/2001,Salavat,NULL,NULL,isimonichej@nba.com,111-100-3622
525,Madeleine,Lathy,F,Social Worker,6/14/2020,Wurigelebur,Indonesia,NULL,NULL,446-538-4694
526,Moria,Goodlife,F,Assistant Media Planner,3/21/2013,NULL,United States,NULL,NULL,801-620-0026
527,Erl,Tuxill,M,Paralegal,3/8/2002,NULL,South Africa,NULL,etuxillem@sourceforge.net,644-563-5949
528,Merell,Ofer,M,Tax Accountant,11/27/2020,Hrodna,NULL,NULL,NULL,389-709-8984
529,Jada,Paur,F,Senior Financial Analyst,7/17/2013,Verkhniy Landekh,NULL,10/7/1976,NULL,564-537-9644
530,Rosina,Tassell,F,Accounting Assistant III,6/11/2021,Zhongxin,NULL,NULL,NULL,619-691-1919
531,Kelly,Gillooly,F,Graphic Designer,3/25/2017,Karak City,NULL,8/3/1982,NULL,307-965-4606
532,Tammara,Youel,F,Recruiting Manager,11/29/2005,NULL,NULL,NULL,tyoueler@webmd.com,167-738-4980
533,Lexy,Gooddy,F,Legal Assistant,4/1/2009,Las Trojes,Honduras,8/23/1955,NULL,964-479-7989
534,Skye,Coryndon,M,Clinical Specialist,8/31/2021,Jindayris,Syria,NULL,scoryndonet@yandex.ru,188-715-0336
535,Stace,Franca,F,Food Chemist,2/19/2015,NULL,China,NULL,sfrancaeu@blogspot.com,307-518-2255
536,Mercedes,Wiffill,F,Electrical Engineer,10/10/2004,Caetité,Brazil,10/23/1998,NULL,683-433-0856
537,Farr,Georgeau,M,Assistant Media Planner,9/20/2022,NULL,Macedonia,NULL,fgeorgeauew@gravatar.com,554-155-1604
538,Chelsy,Culkin,F,Biostatistician III,4/26/2007,Maldyty,Poland,5/22/1961,NULL,876-518-9593
539,Danielle,Piggin,F,General Manager,8/1/2012,Krivaja,Serbia,NULL,dpigginey@addthis.com,311-549-5275
540,Amos,Elsby,M,Analog Circuit Design manager,7/27/2010,Nadezhda,Russia,8/12/2003,NULL,844-494-4282
541,Milena,Beauman,F,Marketing Manager,6/2/2009,NULL,NULL,NULL,mbeaumanf0@ibm.com,421-961-9404
542,Chandra,Packham,F,Staff Scientist,7/21/2015,Hantai,China,NULL,NULL,990-415-2932
543,Arlie,Villa,F,Junior Executive,12/12/2005,NULL,Canada,NULL,NULL,999-723-3654
544,Kipp,Estrella,M,Business Systems Development Analyst,4/21/2014,NULL,Netherlands,NULL,kestrellaf3@squidoo.com,168-981-2386
545,Karalee,Breffit,F,Sales Representative,11/1/2000,Dabat,Ethiopia,NULL,NULL,382-927-4636
546,Violante,Dunckley,F,Information Systems Manager,8/19/2012,Haodi,NULL,6/20/2010,NULL,680-405-7838
547,Brooke,Giacomello,M,Office Assistant III,10/19/2008,Komi,Indonesia,NULL,bgiacomellof6@goodreads.com,411-938-3930
548,Andres,Dast,M,Research Associate,10/26/2011,Brzyska,NULL,NULL,adastf7@cafepress.com,997-708-0480
549,Charmion,McTeggart,F,Financial Advisor,1/5/2010,Kedungringin,Indonesia,5/9/1996,cmcteggartf8@tinypic.com,608-722-3654
550,Roderick,Comi,M,Design Engineer,9/14/2003,NULL,NULL,9/8/2003,rcomif9@ezinearticles.com,647-698-3184
551,Otto,Daddow,M,Geologist II,7/19/2020,Fujieda,Japan,NULL,odaddowfa@w3.org,304-267-7452
552,Valle,Fewkes,M,Civil Engineer,7/24/2000,Valence,France,NULL,NULL,935-101-1440
553,Demeter,Plom,F,Senior Quality Engineer,12/14/2017,Bartniczka,Poland,12/3/2002,dplomfc@geocities.jp,126-485-5805
554,Genni,Haet,F,Recruiter,1/29/2011,Farkaždin,NULL,NULL,ghaetfd@ucoz.com,885-803-1458
555,Sibbie,Lakin,F,Information Systems Manager,10/2/2008,NULL,United States,7/12/1989,NULL,916-927-5532
556,Gregoire,Kennewell,M,Information Systems Manager,9/12/2002,NULL,NULL,NULL,NULL,802-311-7788
557,Augie,Barlow,M,Media Manager I,8/2/2019,NULL,China,NULL,NULL,526-960-2309
558,Dorie,Urwin,M,Account Representative III,9/9/2007,NULL,Pakistan,8/10/1984,NULL,700-884-6665
559,Vonny,Kleinerman,F,Financial Analyst,6/24/2008,NULL,NULL,NULL,vkleinermanfi@cnbc.com,407-788-5275
560,Larissa,Mainz,F,Geologist I,3/10/2014,NULL,Philippines,NULL,NULL,787-218-4639
561,Harrie,Stainsby,F,Research Assistant IV,12/1/2015,Magang,NULL,10/29/1989,NULL,733-776-3530
562,Pippo,Diego,M,VP Product Management,8/18/2009,Ciudian,Indonesia,6/26/1982,pdiegofl@scientificamerican.com,694-169-3967
563,Adriane,Flatte,F,Safety Technician I,12/15/2002,Miaotang,China,7/23/2000,aflattefm@pagesperso-orange.fr,364-307-2124
564,Troy,Milborn,M,Developer IV,12/1/2013,Kazinka,Russia,NULL,NULL,820-813-5173
565,Kathy,Mendez,F,Developer II,4/5/2003,Longhua,NULL,NULL,kmendezfo@soup.io,984-244-7103
566,Benedict,Welldrake,M,Civil Engineer,6/1/2015,NULL,NULL,7/3/1951,bwelldrakefp@amazonaws.com,548-574-0540
567,Nikki,Bergeon,F,Associate Professor,5/18/2015,Th? Tr?n Thu?n Châu,Vietnam,NULL,NULL,161-596-9760
568,Con,Gough,M,Associate Professor,5/5/2003,Ciodeng,Indonesia,NULL,cgoughfr@prlog.org,726-840-1677
569,Niven,Bradley,M,Paralegal,8/18/2021,NULL,Argentina,NULL,nbradleyfs@disqus.com,293-570-3920
570,Sigismund,Soreau,M,Software Engineer II,3/3/2017,Storvreta,Sweden,NULL,NULL,490-444-8892
571,Ulrick,Tuckerman,M,Editor,7/24/2022,Al Maslub,Yemen,12/14/2008,NULL,970-555-3342
572,Conney,Mannooch,M,Senior Financial Analyst,1/29/2014,Bokkos,Nigeria,NULL,NULL,578-946-0589
573,Mirelle,McDell,F,Executive Secretary,1/15/2002,Tengah,Indonesia,4/8/1975,NULL,471-165-9353
574,Devora,Brockhouse,F,Budget/Accounting Analyst II,12/14/2017,Dubai,United Arab Emirates,NULL,NULL,544-250-5735
575,Jennine,Craze,F,Executive Secretary,3/21/2023,Riangbao,NULL,NULL,jcrazefy@mail.ru,503-479-3887
576,Devlin,Jex,M,Senior Editor,6/10/2010,Saniwonorejo,Indonesia,NULL,NULL,101-421-6500
577,Germain,Lamps,F,Quality Control Specialist,3/26/2015,Sioux Falls,United States,NULL,NULL,605-324-8184
578,Jere,Swires,M,Staff Accountant I,12/2/2011,Täby,Sweden,10/1/2003,jswiresg1@sina.com.cn,749-880-6511
579,Tallie,Byne,F,Social Worker,5/10/2016,Sundsvall,Sweden,NULL,NULL,422-662-0729
580,Dalton,Songer,M,Administrative Assistant IV,2/5/2005,NULL,Argentina,NULL,dsongerg3@google.es,241-185-1889
581,Timmie,Cantillon,F,VP Marketing,11/16/2021,NULL,Philippines,3/4/1967,NULL,737-850-2051
582,Rayshell,Duckit,F,Electrical Engineer,1/16/2019,Damai,China,NULL,NULL,229-620-9176
583,Carolann,Androletti,F,Database Administrator III,3/10/2022,Hadano,Japan,NULL,NULL,392-812-8562
584,Yule,Bowcher,M,Recruiter,1/28/2009,NULL,Poland,NULL,NULL,871-941-0455
585,Lotti,Wyer,F,Product Engineer,9/26/2022,NULL,NULL,NULL,lwyerg8@upenn.edu,514-154-7377
586,Brew,Dandy,M,Assistant Professor,6/30/2008,NULL,Indonesia,NULL,NULL,653-726-9668
587,Tracy,Alenin,M,Desktop Support Technician,10/5/2002,Mizur,Russia,NULL,NULL,613-839-6582
588,Granny,Scadding,M,Assistant Media Planner,12/24/2020,NULL,South Africa,NULL,gscaddinggb@facebook.com,739-642-8275
589,Else,Kynge,F,Assistant Manager,6/2/2016,NULL,Greece,10/15/1993,ekyngegc@simplemachines.org,441-152-2554
590,Ivory,Lampert,F,Chief Design Engineer,9/18/2017,Mananara,Madagascar,5/2/1996,NULL,857-820-6408
591,Regan,Fost,M,Safety Technician III,10/13/2005,NULL,Brazil,NULL,NULL,982-307-2850
592,Whittaker,Richings,M,Senior Editor,11/16/2005,NULL,Syria,NULL,NULL,963-349-5819
593,Stephani,Zecchinelli,F,Quality Engineer,9/5/2010,NULL,Indonesia,NULL,szecchinelligg@msu.edu,425-681-1928
594,Zorina,Foulcher,F,Associate Professor,12/12/2017,Sawara,Japan,NULL,zfoulchergh@prlog.org,623-708-6641
595,Steven,Pikesley,M,Account Executive,3/19/2014,NULL,Peru,NULL,spikesleygi@patch.com,518-586-0020
596,Cointon,Cohen,M,Internal Auditor,4/24/2002,Castelo,NULL,10/10/1951,ccohengj@economist.com,938-277-1303
597,Pepillo,Acres,M,Geological Engineer,5/17/2018,Purwokerto,Indonesia,NULL,pacresgk@addthis.com,808-440-4469
598,Rab,MacHostie,M,Environmental Tech,7/2/2008,Pul-e Sangi,Afghanistan,NULL,NULL,496-356-9859
599,Reynold,Davydochkin,M,Tax Accountant,5/15/2004,Haibeitou,China,NULL,rdavydochkingm@hatena.ne.jp,262-845-8013
600,Siward,Flintuff,M,Assistant Manager,3/15/2015,Starominskaya,Russia,9/13/2001,sflintuffgn@pbs.org,899-998-8313
601,Rinaldo,Bleakley,M,Senior Developer,4/20/2004,Lokorae,NULL,1/8/1978,rbleakleygo@japanpost.jp,498-291-6103
602,Olivero,Constant,M,Computer Systems Analyst IV,9/21/2019,Amashca,Peru,NULL,NULL,196-573-9402
603,Francis,Sivyour,M,Statistician III,3/29/2018,NULL,China,NULL,NULL,334-465-8757
604,Raimund,McCann,M,Web Developer I,1/30/2013,Nancang,China,NULL,NULL,219-209-0281
605,Miles,Bulfit,M,Compensation Analyst,10/14/2005,NULL,NULL,NULL,NULL,500-531-0496
606,Ned,Abdie,M,Marketing Assistant,9/14/2020,NULL,China,NULL,nabdiegt@istockphoto.com,975-815-2671
607,Bram,Pinhorn,M,Financial Advisor,4/23/2005,Hudlice,Czech Republic,NULL,NULL,147-615-9106
608,Bowie,Roz,M,Tax Accountant,12/31/2002,Karangnunggal,Indonesia,8/5/2014,brozgv@nasa.gov,166-191-3993
609,Decca,Leneham,M,Tax Accountant,1/17/2008,NULL,China,6/26/2006,NULL,747-667-0645
610,Galvan,Wennington,M,Account Representative IV,7/2/2017,Bilao,NULL,NULL,gwenningtongx@163.com,981-951-4951
611,Mari,Bleaden,F,Database Administrator III,12/23/2018,Novoaltaysk,NULL,11/12/1985,mbleadengy@accuweather.com,874-338-6531
612,Shaine,Eason,M,Desktop Support Technician,9/4/2007,Pulau Pinang,Malaysia,NULL,seasongz@upenn.edu,637-391-2459
613,Viki,Ballard,F,Financial Analyst,6/12/2015,Chengji,China,4/12/2007,vballardh0@google.cn,825-920-7467
614,Troy,Leamy,M,Legal Assistant,6/24/2014,NULL,NULL,NULL,tleamyh1@ocn.ne.jp,587-495-2763
615,Wash,Currm,M,Analyst Programmer,12/11/2009,NULL,Indonesia,1/26/1958,NULL,891-569-1061
616,Loydie,Lorimer,M,Human Resources Assistant I,10/21/2020,NULL,Nicaragua,NULL,NULL,420-906-2667
617,Lock,Pinks,M,Senior Editor,12/13/2019,Madang,China,NULL,lpinksh4@wufoo.com,768-803-0477
618,Zedekiah,Bannister,M,Executive Secretary,1/6/2012,Luofang,China,NULL,NULL,130-364-9185
619,Trisha,Langan,F,Registered Nurse,2/14/2011,Hezheng Chengguanzhen,China,NULL,NULL,693-731-2109
620,Bobinette,Casaletto,F,Actuary,2/22/2019,Longsha,China,12/8/2009,NULL,550-955-0152
621,Waverley,Tume,M,Quality Engineer,1/9/2011,Alvesta,Sweden,NULL,NULL,110-724-2925
622,Nataniel,Coryndon,M,Computer Systems Analyst I,9/16/2003,NULL,NULL,NULL,NULL,992-230-3535
623,Cele,Guttridge,F,Tax Accountant,4/7/2005,Colca,NULL,4/26/1999,NULL,702-581-1572
624,Darcy,Mealham,F,Analyst Programmer,3/29/2021,Saint-Augustin,NULL,1/10/1974,NULL,548-133-0401
625,Cristian,Liversage,M,VP Accounting,2/10/2022,NULL,Paraguay,NULL,NULL,124-513-2021
626,Toddy,Petrik,M,Office Assistant III,6/1/2003,Tabiauan,Philippines,NULL,tpetrikhd@blogger.com,730-321-8142
627,Hermina,Casoni,F,Physical Therapy Assistant,1/13/2011,NULL,Indonesia,NULL,hcasonihe@tinyurl.com,243-696-6123
628,Lance,Carlson,M,Help Desk Operator,7/4/2004,Wilamowice,Poland,NULL,lcarlsonhf@sphinn.com,630-106-1029
629,Brett,Kinnon,F,Safety Technician I,1/4/2002,NULL,Brazil,NULL,NULL,470-946-9369
630,Currey,Tiplady,M,Senior Editor,3/24/2016,NULL,Indonesia,11/24/1970,ctipladyhh@linkedin.com,658-417-0282
631,Penrod,Rofe,M,Electrical Engineer,2/6/2001,Tatebayashi,Japan,NULL,profehi@netvibes.com,100-455-7071
632,Donella,Shirtliff,F,Human Resources Assistant III,3/28/2023,NULL,Syria,3/27/1996,NULL,200-495-6359
633,Jakob,Blackstock,M,Automation Specialist I,5/21/2017,Soufrière,Dominica,NULL,jblackstockhk@ft.com,340-877-5753
634,Fredericka,Tanslie,F,Computer Systems Analyst II,2/1/2012,NULL,Philippines,NULL,NULL,510-645-4918
635,Kass,Pear,F,Editor,9/18/2008,NULL,NULL,NULL,kpearhm@yahoo.co.jp,733-517-8312
636,Abbott,Brewers,M,Geological Engineer,8/7/2005,NULL,NULL,NULL,abrewershn@columbia.edu,785-264-8336
637,Brok,Desseine,M,Structural Engineer,10/31/2003,Seremban,Malaysia,NULL,NULL,779-606-2401
638,Yolande,Eighteen,F,Sales Associate,7/25/2021,NULL,Albania,NULL,yeighteenhp@cbslocal.com,578-340-1566
639,Kakalina,Kiggel,F,Engineer I,8/1/2002,Norberg,Sweden,12/20/2001,NULL,215-420-9858
640,Jessi,Al Hirsi,F,Mechanical Systems Engineer,5/24/2018,Xiexiong,NULL,NULL,jalhirsihr@live.com,634-185-4783
641,Giovanna,Andover,F,VP Accounting,2/25/2005,Tianxin,NULL,NULL,gandoverhs@guardian.co.uk,117-892-0000
642,Reginauld,Twinning,M,Chief Design Engineer,12/13/2016,Crespo,Argentina,NULL,rtwinninght@blog.com,400-420-2491
643,Dahlia,Ellens,F,VP Sales,11/28/2009,Santa María de Ipire,Venezuela,2/12/1968,dellenshu@dell.com,391-907-6085
644,Brnaba,Broadbear,M,Recruiting Manager,9/15/2020,NULL,China,NULL,bbroadbearhv@fc2.com,675-109-8821
645,Trumaine,Whitaker,M,Speech Pathologist,3/14/2020,Pimian,NULL,NULL,NULL,327-224-8220
646,Adolphus,Bredee,M,Data Coordinator,3/6/2003,Baiyinnuole,China,4/2/1960,NULL,852-265-3903
647,Yvette,McDiarmid,F,Internal Auditor,12/25/2004,Pinega,Russia,NULL,ymcdiarmidhy@prnewswire.com,394-923-0996
648,Hoebart,Hendonson,M,Human Resources Manager,2/20/2019,Cercany,NULL,NULL,hhendonsonhz@cbslocal.com,316-568-6295
649,Nita,Croan,F,Geologist IV,9/21/2004,Huibu,China,8/30/1996,ncroani0@ox.ac.uk,502-871-6975
650,Domingo,Stennet,M,Senior Financial Analyst,9/22/2021,Libu,NULL,10/24/2005,dstenneti1@hatena.ne.jp,658-678-5521
651,Junie,Strahan,F,Actuary,8/14/2014,Kut Chap,Thailand,NULL,jstrahani2@tamu.edu,126-675-7550
652,Dedra,Shay,F,Food Chemist,12/3/2012,NULL,Angola,NULL,NULL,363-734-3959
653,Gael,Spieck,F,Tax Accountant,9/17/2013,Agrínio,Greece,1/10/1986,gspiecki4@hud.gov,355-130-5737
654,Andrea,Staten,M,Product Engineer,12/21/2011,NULL,Portugal,NULL,NULL,912-336-0795
655,Fitz,Nutbeam,M,Business Systems Development Analyst,2/16/2007,Finote Selam,Ethiopia,6/18/1975,NULL,674-901-7814
656,Ruthi,Echallier,F,Technical Writer,2/22/2022,Xinsheng,China,NULL,NULL,162-577-5972
657,Merell,Hatcliffe,M,Accountant I,5/6/2019,NULL,Indonesia,12/26/1950,mhatcliffei8@phpbb.com,871-888-8819
658,Aindrea,Berge,F,Physical Therapy Assistant,1/20/2010,Västerås,Sweden,NULL,abergei9@sogou.com,385-984-7663
659,Lu,James,F,Assistant Media Planner,10/17/2016,Cerná Hora,Czech Republic,NULL,NULL,702-497-9853
660,Tani,Cronkshaw,F,Senior Developer,6/22/2020,Zelenoborskiy,Russia,NULL,NULL,639-844-6712
661,Averell,Millions,M,Programmer Analyst IV,5/15/2004,Onueke,Nigeria,2/14/1983,amillionsic@skype.com,753-735-8209
662,Eddy,Ditts,M,Environmental Specialist,4/30/2011,NULL,Portugal,NULL,NULL,468-708-9209
663,Gustavus,Eschalotte,M,Cost Accountant,12/10/2007,NULL,China,NULL,geschalotteie@google.pl,356-940-1295
664,Georgia,Scohier,F,Registered Nurse,7/22/2020,NULL,Argentina,1/25/1987,NULL,954-588-2392
665,Julianna,Dowthwaite,F,Chemical Engineer,3/9/2002,Kinnegad,Ireland,NULL,jdowthwaiteig@com.com,357-185-1502
666,Holly,Duck,F,Executive Secretary,4/19/2013,Vasil’yevskiy Mokh,Russia,NULL,NULL,868-977-7122
667,Yulma,Aspinal,M,Pharmacist,4/29/2001,Jinlong,China,3/10/1978,yaspinalii@who.int,731-825-4448
668,Jeffy,Johnys,M,Media Manager II,2/17/2023,Baghdad,Iraq,NULL,jjohnysij@indiatimes.com,666-515-9440
669,Alexander,Fraulo,M,Media Manager IV,3/7/2006,NULL,Philippines,1/13/2000,NULL,175-944-1893
670,Christin,Kilroy,F,Occupational Therapist,8/16/2004,Khalopyenichy,NULL,NULL,ckilroyil@marriott.com,740-733-6284
671,Darby,Sickamore,F,Civil Engineer,1/23/2019,NULL,Guatemala,8/7/1958,NULL,673-144-3728
672,Bronson,Oakinfold,M,Software Consultant,5/10/2002,Novogornyy,Russia,NULL,NULL,969-337-0129
673,Edyth,Borris,F,Biostatistician IV,5/29/2000,Haumeni,Indonesia,3/27/1990,NULL,375-716-9060
674,Lanny,Kelemen,F,Marketing Assistant,7/5/2022,Dongbei,China,NULL,lkelemenip@jalbum.net,621-792-7716
675,Caterina,Jancar,F,Account Representative III,8/8/2002,Dokuchayevs’k,Ukraine,NULL,NULL,244-795-5282
676,Inessa,Islep,F,Recruiter,8/29/2003,Tumu,Indonesia,NULL,iislepir@economist.com,789-922-2827
677,Reggie,Petracek,M,Recruiting Manager,12/1/2012,Laprida,Argentina,NULL,rpetracekis@booking.com,336-907-2723
678,Berny,Sinderson,M,Food Chemist,3/6/2018,Oslo,NULL,NULL,NULL,662-863-3061
679,Alfy,Sirmond,F,GIS Technical Architect,10/29/2020,Likiep,NULL,1/28/1963,NULL,816-814-2125
680,Brandy,McAnulty,F,Software Consultant,9/2/2016,NULL,France,6/24/2008,NULL,639-875-4617
681,Irvine,Reymers,M,Analyst Programmer,9/2/2010,NULL,Indonesia,NULL,ireymersiw@t-online.de,530-910-4939
682,Noak,Sugarman,M,Paralegal,1/7/2018,Tarsouat,NULL,NULL,NULL,455-259-1770
683,Hersh,Stillwell,M,Cost Accountant,7/26/2003,NULL,Philippines,NULL,NULL,436-555-0700
684,Christa,Spirritt,F,Programmer III,12/2/2016,NULL,United States,NULL,NULL,804-854-4274
685,Isidro,Lorking,M,VP Quality Control,6/7/2009,NULL,Greece,NULL,NULL,228-773-5402
686,Harland,Allison,M,Research Nurse,9/12/2019,Xuguang,NULL,NULL,NULL,480-839-2072
687,Angelle,Crosfield,F,Assistant Professor,5/10/2000,NULL,Croatia,NULL,acrosfieldj2@google.pl,678-697-0615
688,Ella,Loynton,F,Structural Analysis Engineer,2/24/2009,NULL,Thailand,NULL,NULL,885-428-8822
689,Mischa,Fergusson,M,Compensation Analyst,7/6/2022,Hamada,Japan,5/10/1972,mfergussonj4@hatena.ne.jp,939-513-1153
690,Aeriela,Patron,F,Internal Auditor,8/5/2009,Charlotte,United States,NULL,NULL,704-485-2229
691,Cirstoforo,Beresfore,M,Clinical Specialist,5/2/2011,NULL,Indonesia,11/13/1989,NULL,101-574-2539
692,Gabi,Fincham,F,Mechanical Systems Engineer,7/20/2007,NULL,NULL,NULL,NULL,746-660-1789
693,Yance,Congdon,M,Office Assistant I,11/9/2012,NULL,Nigeria,NULL,NULL,131-148-7932
694,Monti,Kingswoode,M,Nurse Practicioner,10/19/2021,NULL,Guyana,9/29/1962,mkingswoodej9@infoseek.co.jp,837-351-2762
695,Daphene,Mulbry,F,Help Desk Operator,12/15/2012,Atamanovka,Russia,NULL,NULL,238-144-8108
696,Leoine,Brighty,F,Analog Circuit Design manager,7/3/2015,Bambang,NULL,7/15/2001,NULL,816-818-7666
697,Lynn,Mussetti,M,Assistant Manager,5/31/2010,NULL,Serbia,6/2/1955,NULL,617-323-5446
698,Yoshi,Canter,F,Recruiter,10/11/2012,Otsuki,Japan,NULL,NULL,850-879-0816
699,Karrah,Hockey,F,Actuary,2/25/2013,NULL,United States,NULL,khockeyje@facebook.com,202-791-5268
700,Adda,Grimsdike,F,Software Consultant,5/30/2007,Minami-rinkan,NULL,NULL,agrimsdikejf@etsy.com,834-600-6114
701,Bernetta,Nutty,F,Help Desk Operator,7/6/2022,Trzebinia,Poland,NULL,bnuttyjg@prnewswire.com,430-840-0540
702,Oralle,Basile,F,Editor,2/19/2020,Kovárov,Czech Republic,NULL,NULL,929-164-4134
703,Koo,Probey,F,Design Engineer,7/17/2015,NULL,Philippines,NULL,kprobeyji@google.it,181-312-4625
704,Garvin,Zoppie,M,VP Accounting,5/24/2001,Zagnitkiv,NULL,NULL,gzoppiejj@g.co,229-935-9279
705,Skip,Bratten,M,Registered Nurse,11/30/2009,NULL,Russia,NULL,NULL,639-516-6072
706,Nolana,Banbrigge,F,Account Executive,3/28/2006,NULL,Mexico,NULL,NULL,482-883-9598
707,Goraud,Shutle,M,Accounting Assistant I,1/23/2007,NULL,Russia,NULL,NULL,297-604-0681
708,Deirdre,Petran,F,Recruiting Manager,6/23/2000,Neresnytsya,Ukraine,4/9/1968,NULL,823-667-7347
709,Emera,Flemyng,F,Biostatistician I,9/29/2010,NULL,Finland,NULL,eflemyngjo@topsy.com,700-700-1506
710,Ema,Kester,F,Financial Advisor,2/19/2004,Flagstaff,South Africa,NULL,NULL,861-177-2498
711,Rosette,McCambridge,F,Product Engineer,1/16/2002,Blangkejeren,Indonesia,NULL,rmccambridgejq@joomla.org,499-865-5672
712,Armstrong,Barczynski,M,Payment Adjustment Coordinator,7/19/2009,NULL,Sweden,NULL,NULL,990-825-6578
713,Markos,Selland,M,Chief Design Engineer,6/17/2002,NULL,Australia,NULL,msellandjs@ihg.com,617-630-0472
714,Pansie,Bright,F,Senior Developer,6/28/2008,NULL,Argentina,7/29/2005,pbrightjt@myspace.com,142-924-2292
715,Beverley,Llewhellin,F,Physical Therapy Assistant,2/20/2013,NULL,Philippines,NULL,bllewhellinju@who.int,741-615-6767
716,Cobbie,Quidenham,M,Financial Advisor,3/5/2021,Matsuto,Japan,NULL,NULL,506-636-3895
717,Patricia,Ashington,F,Editor,2/18/2014,Dallas,United States,NULL,NULL,469-626-8854
718,Corny,Ineson,M,Software Engineer IV,12/14/2006,Vetluzhskiy,Russia,NULL,cinesonjx@tumblr.com,854-581-6959
719,Felicio,Tarling,M,Structural Analysis Engineer,3/12/2012,NULL,Poland,1/11/2013,ftarlingjy@chron.com,751-228-0483
720,Clyde,Wimbridge,M,Accountant I,7/4/2009,NULL,NULL,10/14/1966,NULL,813-861-3714
721,Arlan,Grieveson,M,Senior Sales Associate,1/6/2008,Qiqin,China,NULL,agrievesonk0@mayoclinic.com,496-436-5544
722,Marillin,Wombwell,F,Senior Editor,4/9/2020,Cariaco,NULL,2/6/2015,NULL,275-494-3772
723,Baxie,Butlin,M,Biostatistician I,7/6/2015,Hanlin,NULL,NULL,bbutlink2@vk.com,604-988-9782
724,Marie-ann,Rigge,F,Actuary,3/8/2021,NULL,China,NULL,NULL,503-698-7387
725,Cookie,Skeemor,F,Administrative Assistant II,7/7/2009,NULL,Czech Republic,NULL,NULL,256-445-8764
726,Kikelia,Fadian,F,Web Designer II,6/12/2021,Gandzak,Armenia,7/22/1995,kfadiank5@google.pl,402-361-7420
727,Kary,Gabby,F,Senior Editor,10/5/2019,Düsseldorf,Germany,NULL,NULL,305-325-5674
728,Inger,Colston,M,Mechanical Systems Engineer,3/26/2014,NULL,China,NULL,NULL,711-759-8492
729,Hunt,Timmins,M,Quality Control Specialist,8/22/2022,Rionegro,NULL,NULL,NULL,939-558-2616
730,Harlin,Toffanini,M,Pharmacist,5/12/2018,Segezha,Russia,NULL,htoffaninik9@blogs.com,480-484-2662
731,Elset,Beange,F,Nurse Practicioner,7/4/2004,Cergy-Pontoise,France,NULL,NULL,340-728-3440
732,Franzen,Sultana,M,Speech Pathologist,9/20/2008,NULL,Philippines,NULL,NULL,749-684-7663
733,Danell,Bachman,F,Biostatistician III,8/24/2005,NULL,NULL,3/4/2001,NULL,770-158-7263
734,Ned,Diwell,M,Quality Engineer,3/30/2009,Pendolo,Indonesia,NULL,NULL,757-629-5214
735,Jonathon,Gartin,M,Programmer I,2/7/2017,Hengling,NULL,NULL,NULL,928-224-7525
736,Hobart,Jeacock,M,VP Sales,10/18/2021,Zabia Wola,Poland,NULL,hjeacockkf@harvard.edu,371-401-4373
737,Kitti,Whelband,F,Environmental Tech,2/16/2004,Damascus,NULL,NULL,NULL,183-921-3094
738,Keenan,Sidery,M,Budget/Accounting Analyst IV,6/10/2001,Vodnany,NULL,NULL,ksiderykh@biglobe.ne.jp,278-777-0529
739,Otto,Trippitt,M,Engineer I,6/6/2003,NULL,Czech Republic,1/9/1996,NULL,999-478-5188
740,Randee,Passey,F,Project Manager,2/26/2016,Nassau,NULL,NULL,NULL,405-782-6715
741,Mariana,Ingley,F,Environmental Specialist,7/13/2008,Sarnów,NULL,3/14/1982,NULL,618-743-2608
742,Ginny,Stockin,F,Assistant Manager,3/2/2020,Dongfeng,China,9/16/1973,NULL,735-535-3839
743,Linoel,Inggall,M,General Manager,6/22/2016,Bunisari,Indonesia,NULL,linggallkm@1688.com,636-896-3736
744,Pernell,Gouly,M,Research Associate,9/18/2012,NULL,Swaziland,1/24/2007,pgoulykn@surveymonkey.com,787-601-3597
745,Inez,McKennan,F,Budget/Accounting Analyst II,1/21/2004,Fumin,China,1/26/1991,imckennanko@123-reg.co.uk,917-542-4088
746,Colline,Lumox,F,Human Resources Assistant I,3/26/2023,Ampanihy,NULL,NULL,clumoxkp@latimes.com,260-714-1829
747,Marijn,Danilevich,M,Financial Analyst,9/12/2000,NULL,Sweden,NULL,mdanilevichkq@hexun.com,296-182-9300
748,Lilia,Bilborough,F,Technical Writer,1/21/2007,NULL,Indonesia,2/4/1985,lbilboroughkr@livejournal.com,279-842-6103
749,Gwen,Mangeon,F,GIS Technical Architect,9/30/2010,Zhaiwu,China,NULL,gmangeonks@arizona.edu,593-184-7454
750,Cherice,Gemeau,F,Senior Sales Associate,11/14/2005,Heshi,NULL,NULL,cgemeaukt@unesco.org,423-306-4535
751,Sebastian,Hatz,M,Business Systems Development Analyst,12/11/2006,Altamira,Venezuela,NULL,shatzku@domainmarket.com,211-117-1541
752,Holt,Errigo,M,Software Engineer IV,1/26/2001,Bayt Yashut,Syria,NULL,NULL,899-837-7627
753,Rhetta,Cowey,F,VP Marketing,2/2/2004,Cabittaogan,Philippines,12/26/1953,rcoweykw@indiatimes.com,568-458-2663
754,Blake,Wardley,M,Senior Editor,1/28/2008,Pinellas Park,NULL,5/17/2004,NULL,941-556-4156
755,Darrin,Jills,M,Nurse Practicioner,2/5/2019,Ninghai,NULL,NULL,djillsky@japanpost.jp,978-305-4517
756,Lynette,Frankcom,F,Cost Accountant,7/8/2018,NULL,NULL,NULL,NULL,552-406-3550
757,Kimble,Wilshire,M,Structural Engineer,5/20/2007,Sang-e Mashah,Afghanistan,1/30/1954,NULL,182-837-7492
758,Jule,Boxell,M,Software Engineer IV,4/1/2006,San Vicente de Bique,NULL,NULL,jboxelll1@cpanel.net,806-566-6022
759,Georgiana,Tradewell,F,Senior Financial Analyst,9/20/2004,NULL,NULL,11/1/2014,NULL,808-212-7534
760,Munroe,Abramovicz,M,Actuary,6/8/2015,NULL,United States,10/15/1988,NULL,805-116-9129
761,Kesley,Pragnall,F,Accountant II,7/3/2010,NULL,Portugal,NULL,NULL,674-282-7883
762,Katalin,Benstead,F,Quality Control Specialist,1/21/2008,Dahay,Philippines,NULL,kbensteadl5@timesonline.co.uk,191-919-7039
763,Alane,Harbertson,F,Senior Editor,10/8/2018,NULL,NULL,3/18/1997,NULL,793-271-9614
764,Nicola,Kilgour,F,Desktop Support Technician,1/25/2018,Tintina,NULL,NULL,nkilgourl7@netscape.com,687-897-1605
765,Sonja,MacGaughy,F,Assistant Media Planner,8/12/2004,San Juan,Philippines,2/4/1984,smacgaughyl8@ycombinator.com,967-292-6220
766,Trina,Tingly,F,Chemical Engineer,12/16/2003,NULL,Brazil,NULL,NULL,195-565-2518
767,Garth,Massot,M,Developer III,7/21/2017,Bolgar,Russia,NULL,gmassotla@loc.gov,563-897-2962
768,Parrnell,MacMakin,M,Nurse,8/7/2009,Soa,Indonesia,10/25/1982,NULL,314-556-2995
769,Irvin,Cattrall,M,Staff Scientist,8/9/2018,NULL,China,NULL,icattralllc@hibu.com,426-803-1154
770,Sunny,Pury,M,Senior Financial Analyst,6/4/2020,NULL,Philippines,3/18/1960,NULL,939-529-0146
771,Celina,Martyn,F,Software Test Engineer I,11/1/2021,Hisor,Tajikistan,NULL,cmartynle@cafepress.com,737-900-9012
772,Etty,McCluney,F,Executive Secretary,8/15/2014,NULL,Indonesia,9/15/1977,NULL,456-803-1200
773,Gwyn,Isabell,F,Accountant II,1/27/2013,NULL,NULL,3/17/1976,gisabelllg@pen.io,649-131-4567
774,Sigfried,Lowey,M,Automation Specialist II,12/25/2008,Umbulan,Indonesia,NULL,NULL,209-638-4599
775,Clemens,Hartless,M,VP Sales,10/31/2011,Topolná,Czech Republic,NULL,chartlessli@accuweather.com,646-702-7167
776,Shurlocke,Taylder,M,Product Engineer,7/1/2008,Gharo,Pakistan,NULL,NULL,893-849-5868
777,Toddie,Itzkin,M,Actuary,4/5/2004,Wenxing,China,NULL,titzkinlk@prweb.com,179-463-0816
778,Harriette,Bruhnicke,F,Environmental Specialist,2/21/2013,NULL,NULL,4/12/1988,hbruhnickell@time.com,380-966-0624
779,Janela,Absolem,F,Electrical Engineer,8/7/2002,Dearborn,United States,NULL,NULL,313-226-4569
780,Kenyon,Hendriks,M,Food Chemist,11/19/2004,Quimper,France,NULL,NULL,347-627-4749
781,Blondell,Blanchette,F,Programmer II,12/31/2021,NULL,Venezuela,11/16/1969,NULL,890-459-2711
782,Dana,Victory,F,Geological Engineer,2/16/2001,Loum,Cameroon,11/11/1967,NULL,241-659-2387
783,Andrej,Scrigmour,M,Associate Professor,4/23/2018,NULL,Belarus,9/18/1989,ascrigmourlq@economist.com,667-842-6724
784,Xenia,Battram,F,Food Chemist,6/30/2022,Pokrovskoye,Russia,NULL,xbattramlr@mlb.com,611-126-6753
785,Travus,Twinn,M,Help Desk Operator,11/10/2007,Kurdzhali,NULL,NULL,NULL,866-111-0406
786,Ferguson,Cazin,M,Staff Scientist,8/8/2017,Argentan,France,9/20/1977,fcazinlt@tumblr.com,495-828-0906
787,Keri,Olifard,F,Quality Control Specialist,12/19/2005,NULL,Venezuela,12/5/1975,kolifardlu@altervista.org,642-942-6792
788,Yovonnda,Dorking,F,Professor,4/16/2022,Jarash,Jordan,4/13/1975,ydorkinglv@sitemeter.com,322-864-1705
789,Blinnie,Edsell,F,Operator,7/19/2004,Toulon,France,NULL,bedselllw@examiner.com,184-448-1592
790,Cinnamon,Dilkes,F,Occupational Therapist,10/27/2021,Anastácio,NULL,2/25/1971,NULL,982-724-0793
791,Guntar,Lafayette,M,Professor,11/5/2006,Shanxiahu,NULL,NULL,NULL,914-322-2795
792,Jeanine,Oxenham,F,Programmer Analyst III,10/16/2000,NULL,Portugal,NULL,joxenhamlz@amazon.co.uk,836-704-8843
793,Eva,Pitrelli,F,Geologist II,8/27/2017,Hekou,NULL,NULL,epitrellim0@aboutads.info,733-851-0486
794,Joly,Tripet,F,Analyst Programmer,8/25/2010,Sukhothai,Thailand,8/25/2013,NULL,742-927-7780
795,Sheffield,Broadley,M,Director of Sales,1/29/2010,Jarash,Jordan,NULL,NULL,803-516-6126
796,Tabby,Buckles,M,Human Resources Manager,7/20/2021,Bakau,NULL,1/21/1965,NULL,858-148-6953
797,Chic,Harrowing,M,Nurse,8/29/2005,NULL,Portugal,NULL,charrowingm4@forbes.com,332-138-2494
798,Cirillo,Galler,M,Cost Accountant,2/15/2014,Noyemberyan,Armenia,NULL,NULL,814-186-3914
799,Sibylle,Spitell,F,Programmer Analyst I,7/16/2022,Pasar,Indonesia,NULL,sspitellm6@smh.com.au,496-205-5921
800,Betsey,Benet,F,Accountant I,9/10/2020,Plettenberg Bay,South Africa,11/23/1966,bbenetm7@google.fr,130-203-2301
801,Averil,Roman,M,Health Coach III,12/9/2002,Seupakat,Indonesia,NULL,NULL,238-229-6623
802,Elfrieda,Delgadillo,F,Help Desk Technician,8/26/2021,Temara,Morocco,NULL,NULL,995-902-0056
803,Kahlil,Firpi,M,GIS Technical Architect,3/28/2022,NULL,NULL,NULL,NULL,519-622-1952
804,Bonita,Hebborne,F,Business Systems Development Analyst,2/27/2016,NULL,Russia,NULL,bhebbornemb@constantcontact.com,552-357-7498
805,Kearney,Alliban,M,Environmental Tech,6/27/2007,NULL,Czech Republic,NULL,NULL,967-374-7196
806,Griff,Breazeall,M,Account Coordinator,2/4/2011,Waimangura,Indonesia,NULL,NULL,898-318-2358
807,Valle,Blowes,M,Product Engineer,3/31/2002,NULL,NULL,NULL,NULL,299-931-7352
808,Libbi,Benkhe,F,Administrative Officer,5/6/2018,Omaha,United States,NULL,lbenkhemf@indiatimes.com,402-199-2279
809,Maje,Ledeker,M,Automation Specialist I,10/3/2003,NULL,Nepal,NULL,NULL,366-720-0996
810,Alanson,Menhci,M,Internal Auditor,7/9/2010,Anju,NULL,1/23/1968,NULL,844-809-5298
811,Jedediah,Damerell,M,Help Desk Operator,4/29/2012,Bengtsfors,Sweden,NULL,jdamerellmi@spiegel.de,990-663-7209
812,Reinwald,Chardin,M,Analyst Programmer,4/3/2002,NULL,China,NULL,rchardinmj@cisco.com,730-571-1074
813,Nikoletta,Bibbie,F,Senior Financial Analyst,8/31/2000,Avignon,France,9/20/1990,nbibbiemk@simplemachines.org,700-868-7607
814,Gloriana,Chisholme,F,Project Manager,12/26/2014,NULL,NULL,2/6/1977,NULL,488-945-0846
815,Francois,Brommage,M,Recruiter,8/11/2021,Pribrezhnyy,Russia,NULL,fbrommagemm@cbsnews.com,199-593-5590
816,Beck,Boyack,M,Office Assistant III,9/19/2000,Nikopol’,Ukraine,12/19/1975,bboyackmn@arizona.edu,547-831-0195
817,Dilan,Cescoti,M,Librarian,6/2/2011,NULL,NULL,NULL,dcescotimo@google.pl,303-571-3789
818,Brigida,Hills,F,Account Representative III,7/30/2020,Bordeaux,France,NULL,NULL,411-352-3916
819,Rustin,Beneyto,M,Assistant Professor,4/15/2007,NULL,China,12/25/2001,rbeneytomq@devhub.com,280-454-7044
820,Sophronia,Domerque,F,General Manager,1/26/2023,NULL,Philippines,NULL,sdomerquemr@tripod.com,822-491-5957
821,Trenna,Beckers,F,Technical Writer,10/19/2001,Luqa,Malta,NULL,NULL,451-899-6524
822,Colman,Rouby,M,Developer II,10/1/2019,Makedonski Brod,Macedonia,3/29/1952,croubymt@rambler.ru,937-696-2385
823,Selia,Hutson,F,Sales Representative,4/27/2022,Eido,Portugal,8/13/2007,NULL,409-963-2619
824,Jessy,McLaughlan,F,Analyst Programmer,12/2/2001,San Carlos,Chile,7/6/1970,NULL,160-538-2791
825,Dasha,Jarrette,F,Analyst Programmer,11/30/2008,NULL,Philippines,NULL,NULL,815-404-5287
826,Charil,Curtoys,F,Librarian,11/29/2012,NULL,China,NULL,NULL,940-808-9097
827,Hodge,Ogley,M,Environmental Specialist,9/21/2006,NULL,China,6/9/1952,hogleymy@msn.com,126-773-7423
828,Correy,Rolling,F,Account Executive,3/28/2004,Xiaoruo,China,6/23/1972,crollingmz@lycos.com,820-582-8711
829,Viola,Acey,F,Senior Cost Accountant,2/28/2012,Kidricevo,NULL,NULL,NULL,945-345-0006
830,Elmer,Drewet,M,Recruiter,4/28/2021,NULL,Armenia,NULL,NULL,523-162-8972
831,Neysa,Bulle,F,Structural Analysis Engineer,11/13/2005,NULL,NULL,NULL,NULL,863-558-8679
832,Garrick,Duiguid,M,Office Assistant II,9/3/2009,Tía Juana,Venezuela,NULL,NULL,949-461-8806
833,Cilka,Matskiv,F,Occupational Therapist,2/27/2009,Barlinek,Poland,NULL,cmatskivn4@ebay.com,652-801-3931
834,Jermain,Ferroni,M,Registered Nurse,7/13/2012,Genengan Kulon,Indonesia,NULL,NULL,490-107-6729
835,Lonee,McWhorter,F,Administrative Assistant II,7/4/2021,Vale Boeiro,Portugal,NULL,lmcwhortern6@vistaprint.com,862-820-6982
836,Jehu,MacNeice,M,Accountant IV,11/17/2018,NULL,NULL,7/22/1998,jmacneicen7@telegraph.co.uk,228-954-9621
837,Iorgo,Jakubiak,M,Help Desk Operator,6/1/2015,NULL,Switzerland,NULL,ijakubiakn8@hp.com,204-641-3769
838,Tally,Whyborn,M,Cost Accountant,5/29/2010,Kuaro,NULL,NULL,NULL,987-772-6721
839,Raina,Collaton,F,Web Designer III,9/22/2019,San José de Jáchal,Argentina,NULL,NULL,306-864-2896
840,Symon,Pashby,M,Nuclear Power Engineer,11/14/2001,Broumov,Czech Republic,4/29/1994,spashbynb@google.co.jp,516-568-1441
841,Evan,Puckrin,M,Nuclear Power Engineer,10/5/2015,NULL,China,6/15/1956,epuckrinnc@comcast.net,155-842-4510
842,Bell,Bowton,F,Web Designer II,3/12/2013,NULL,Zambia,NULL,NULL,192-529-7524
843,Pamela,Fennick,F,Payment Adjustment Coordinator,8/19/2013,Batugede Kulon,Indonesia,NULL,NULL,424-699-4378
844,Kev,Snooks,M,Editor,3/17/2008,NULL,Mexico,NULL,NULL,942-827-9010
845,Brant,McDougall,M,Community Outreach Specialist,11/3/2005,Okinawa,Japan,NULL,NULL,405-374-2183
846,Brandon,Pickring,M,Engineer I,12/15/2006,NULL,NULL,NULL,NULL,287-302-9001
847,Pier,Rowson,F,Programmer I,1/7/2017,NULL,Greece,NULL,NULL,753-364-4320
848,Eli,Yearn,M,Director of Sales,6/9/2001,San Pedro de Lloc,Peru,8/11/1989,NULL,977-950-3688
849,Thedric,Ribbon,M,GIS Technical Architect,5/13/2005,Marcos Juárez,Argentina,NULL,NULL,853-416-5032
850,Karon,Smiz,F,Account Executive,2/28/2010,NULL,NULL,NULL,ksmiznl@joomla.org,316-573-7782
851,Ellette,Ramberg,F,Sales Associate,1/17/2010,Caraballeda,Venezuela,NULL,erambergnm@constantcontact.com,778-439-0240
852,Cesare,Rocco,M,Database Administrator I,11/28/2017,NULL,Thailand,4/23/1954,crocconn@hibu.com,506-907-6518
853,Trefor,Ivasechko,M,Developer I,5/28/2012,Dzerzhinsk,Russia,NULL,NULL,848-572-5563
854,Angelika,Gaine of England,F,Design Engineer,3/4/2005,Moulay Abdallah,NULL,NULL,NULL,919-792-0822
855,Angele,Calrow,F,Payment Adjustment Coordinator,5/13/2015,NULL,El Salvador,NULL,NULL,111-942-3704
856,Ivette,Swedeland,F,Civil Engineer,5/3/2013,NULL,Finland,4/7/2011,NULL,828-954-8743
857,Jakob,Wycherley,M,Human Resources Manager,9/30/2009,Sepahua,Peru,7/31/1974,jwycherleyns@bloglines.com,371-924-5349
858,Forest,Vedmore,M,Food Chemist,2/24/2005,NULL,China,1/2/1956,fvedmorent@bloglines.com,345-844-3769
859,Joshuah,Tedahl,M,Account Representative II,5/22/2008,NULL,NULL,NULL,NULL,114-846-3918
860,Darren,Sydes,M,Developer IV,5/12/2000,Dongshan,China,NULL,NULL,573-979-1580
861,Emlen,Ghost,M,Operator,4/16/2001,Dong’ao,China,7/17/1981,eghostnw@nytimes.com,735-283-0326
862,Alyss,Yakolev,F,Director of Sales,4/23/2002,Denver,United States,6/15/1961,NULL,303-666-0861
863,Shelton,Wark,M,Office Assistant I,9/20/2006,Roanoke,United States,NULL,swarkny@slate.com,540-691-2350
864,Kalil,Trundler,M,Help Desk Technician,10/5/2021,NULL,Indonesia,2/14/2015,ktrundlernz@examiner.com,257-918-2931
865,Felicia,McQuirk,F,Speech Pathologist,7/26/2013,Gaoqiao,NULL,NULL,fmcquirko0@craigslist.org,679-856-5380
866,Gasper,O'Hanlon,M,Actuary,6/16/2021,Billère,France,5/27/2003,gohanlono1@dot.gov,542-434-8969
867,Arliene,Yearsley,F,Software Engineer II,9/23/2012,NULL,China,12/11/2010,NULL,613-559-7366
868,Cindelyn,Flamank,F,Budget/Accounting Analyst I,9/29/2009,Shilibu,China,2/16/1960,cflamanko3@wordpress.org,739-282-3887
869,Casar,Olijve,M,Actuary,8/6/2016,Heshui,China,NULL,colijveo4@hud.gov,322-427-5280
870,Dorette,Dearn,F,VP Marketing,6/11/2004,NULL,China,3/13/1957,ddearno5@theatlantic.com,401-278-5940
871,Gabriellia,Yglesia,F,Information Systems Manager,3/27/2006,NULL,Palestinian Territory,NULL,NULL,325-841-8239
872,Blythe,Fillimore,F,Programmer Analyst IV,6/12/2016,Kaltan,NULL,NULL,NULL,198-553-8786
873,Cristen,Conti,F,Structural Analysis Engineer,8/3/2007,NULL,China,4/4/1982,ccontio8@columbia.edu,303-684-5598
874,Adelbert,Crowdace,M,Sales Representative,1/1/2002,NULL,China,9/18/1981,acrowdaceo9@mayoclinic.com,424-606-4039
875,Mattie,Snazel,F,Graphic Designer,2/17/2006,NULL,Russia,6/9/1983,msnazeloa@biglobe.ne.jp,825-107-5828
876,Pennie,Glyne,M,Biostatistician I,2/6/2001,Lephalale,South Africa,11/20/1961,NULL,557-230-9511
877,Che,Otto,M,Programmer II,2/15/2003,NULL,NULL,3/12/1967,cottooc@webeden.co.uk,979-813-1801
878,Hilary,Rumbold,M,Editor,7/21/2005,NULL,Indonesia,NULL,hrumboldod@epa.gov,828-186-5039
879,Obidiah,Han,M,Design Engineer,5/24/2011,Prao,NULL,11/11/1950,NULL,923-632-8692
880,Charles,Yakebovitch,M,Software Consultant,4/9/2013,Cubatão,NULL,NULL,NULL,414-306-0703
881,Gawain,Ahearne,M,Financial Advisor,2/1/2001,Caomiao,China,1/28/1972,gahearneog@wisc.edu,454-483-1089
882,Scott,Attwell,M,Occupational Therapist,8/28/2022,NULL,NULL,NULL,sattwelloh@who.int,492-531-3645
883,Law,Bartalot,M,Director of Sales,1/2/2014,Anávra,Greece,4/21/1987,NULL,830-563-3167
884,Vivien,Trainer,F,Environmental Tech,6/11/2000,NULL,Indonesia,1/21/2014,NULL,157-880-0124
885,Hewett,McCook,M,Assistant Professor,8/10/2011,NULL,Philippines,7/15/1987,NULL,639-770-9546
886,Rachele,Gorbell,F,Quality Control Specialist,8/31/2012,Haruai,Indonesia,NULL,rgorbellol@creativecommons.org,170-955-2811
887,Pascale,Boome,M,Recruiting Manager,11/28/2020,Non Sung,Thailand,NULL,NULL,491-708-1487
888,Hermia,Biggin,F,Information Systems Manager,10/7/2010,Chenglin,NULL,7/29/2011,NULL,283-160-1160
889,Anthia,Dunlap,F,Product Engineer,12/29/2021,Tuchlovice,Czech Republic,NULL,NULL,862-310-7076
890,Bar,Mutch,M,Marketing Manager,11/9/2014,Sukth,Albania,NULL,bmutchop@vinaora.com,677-865-7483
891,Cly,Ferrierio,M,Office Assistant I,1/6/2004,NULL,Jordan,8/17/1950,cferrieriooq@storify.com,597-845-7124
892,Lily,Branigan,F,Structural Analysis Engineer,6/26/2008,NULL,China,NULL,lbraniganor@ocn.ne.jp,392-921-7296
893,Codi,Argontt,M,Help Desk Technician,8/29/2011,Okpoga,Nigeria,NULL,cargonttos@microsoft.com,180-519-4750
894,Leonie,Brixham,F,Research Nurse,8/4/2008,NULL,Philippines,NULL,NULL,494-629-3833
895,Trent,Trinkwon,M,Recruiting Manager,1/2/2019,Chynadiyovo,Ukraine,11/7/1955,NULL,665-517-4115
896,Jere,De Rechter,M,Marketing Assistant,5/16/2003,Jinshanzui,China,3/9/1988,jderechterov@fc2.com,970-391-3899
897,Layla,Kharchinski,F,VP Product Management,9/30/2009,NULL,Japan,NULL,lkharchinskiow@youtu.be,360-291-9147
898,Buddy,Bettleson,M,Senior Editor,4/12/2006,Giraldo,Colombia,NULL,NULL,364-210-3728
899,Claudie,Dudbridge,F,Developer III,7/10/2016,NULL,China,1/14/2006,cdudbridgeoy@discuz.net,174-487-8861
900,Tricia,Piwell,F,Accounting Assistant I,6/21/2013,NULL,Albania,NULL,tpiwelloz@quantcast.com,801-128-4771
901,Kurt,Couche,M,Help Desk Operator,9/11/2017,Rashaant,Mongolia,NULL,kcouchep0@baidu.com,695-670-4367
902,Babbette,Duthie,F,Physical Therapy Assistant,2/22/2007,Cikomara,Indonesia,NULL,NULL,114-549-6115
903,Ferdinanda,Mazzeo,F,Account Executive,10/17/2011,Junín,Argentina,NULL,fmazzeop2@youtu.be,946-894-0501
904,Hephzibah,Patrick,F,Mechanical Systems Engineer,2/12/2011,Hongyan,China,NULL,NULL,670-555-0743
905,Pandora,Boniface,F,Dental Hygienist,12/2/2004,Wuxi,NULL,NULL,NULL,436-159-3819
906,Dick,Kassel,M,Engineer IV,2/1/2010,NULL,NULL,NULL,dkasselp5@nifty.com,817-602-0821
907,Mickie,Thomazin,M,Software Engineer II,2/15/2012,Arlöv,Sweden,NULL,NULL,234-418-4516
908,Charline,Longstreet,F,Software Engineer I,4/1/2016,NULL,China,5/5/1973,clongstreetp7@theglobeandmail.com,468-966-1725
909,Godfrey,Lauret,M,Geologist III,4/24/2009,Tul’chyn,Ukraine,NULL,NULL,438-360-9659
910,Britni,Penk,F,VP Sales,9/18/2013,NULL,NULL,NULL,bpenkp9@photobucket.com,947-138-1460
911,Malina,Silverwood,F,Structural Analysis Engineer,1/12/2002,Uherský Brod,Czech Republic,NULL,msilverwoodpa@merriam-webster.com,414-752-2621
912,Immanuel,Benardeau,M,Financial Advisor,1/13/2017,Bella Vista,NULL,9/11/1999,NULL,882-764-1832
913,Lazarus,Escudier,M,Mechanical Systems Engineer,9/20/2017,NULL,NULL,NULL,lescudierpc@apache.org,462-230-2865
914,Alair,D'Angeli,M,Editor,2/9/2022,NULL,Russia,NULL,adangelipd@noaa.gov,270-148-0771
915,Tabbie,Scola,M,Research Nurse,1/24/2020,Otllak,Albania,NULL,tscolape@yelp.com,407-248-5732
916,Sayre,Duxbarry,F,VP Accounting,2/21/2010,Dongtang,China,NULL,sduxbarrypf@cocolog-nifty.com,956-660-6208
917,Wilden,Chiplin,M,Junior Executive,4/17/2001,Malichang,China,4/11/2001,NULL,123-350-2134
918,Perry,Vasile,M,Computer Systems Analyst IV,10/14/2013,Basail,NULL,NULL,pvasileph@japanpost.jp,244-973-5192
919,Dyann,Petrollo,F,Programmer Analyst II,4/2/2018,NULL,United States,3/15/2004,dpetrollopi@amazon.co.jp,612-428-9298
920,Merrile,Brixey,F,Programmer Analyst I,5/31/2002,Bateria,Philippines,NULL,mbrixeypj@intel.com,970-817-3713
921,Gerianne,Kohler,F,Registered Nurse,2/1/2019,NULL,NULL,7/8/1987,gkohlerpk@posterous.com,148-874-2745
922,Pren,Stuckes,M,Marketing Manager,2/22/2014,Santos Evos,Portugal,NULL,NULL,417-663-7006
923,Tod,Derye-Barrett,M,Paralegal,9/3/2008,NULL,China,NULL,NULL,170-719-9114
924,Jacinthe,Shingfield,F,Financial Analyst,10/25/2005,Afanas’yeva,Russia,NULL,NULL,792-299-4772
925,Pris,De Gregorio,F,Recruiting Manager,5/9/2008,NULL,Portugal,NULL,pdegregoriopo@scientificamerican.com,402-252-9976
926,Deidre,Maleby,F,Civil Engineer,2/26/2015,NULL,NULL,2/2/1975,NULL,230-237-6401
927,Vail,Menier,M,Teacher,10/9/2000,NULL,NULL,NULL,vmenierpq@goo.ne.jp,309-581-7949
928,Otis,Shewring,M,Financial Analyst,9/15/2010,NULL,NULL,7/6/1965,NULL,938-986-1615
929,Skippy,Vaissiere,M,Social Worker,3/16/2003,NULL,Portugal,NULL,svaissiereps@hc360.com,612-466-8327
930,Modestine,Wisam,F,Web Designer IV,12/7/2012,Erétria,Greece,NULL,NULL,250-823-7129
931,Lelah,Candlin,F,Clinical Specialist,6/24/2017,Krasae Sin,Thailand,2/17/1970,lcandlinpu@etsy.com,553-513-1565
932,Sheena,Osboldstone,F,Librarian,2/17/2014,Mlonggo,Indonesia,NULL,NULL,738-589-9784
933,Dannie,Gummie,M,Cost Accountant,6/6/2009,NULL,Kazakhstan,10/12/2006,dgummiepw@posterous.com,131-772-5818
934,Christoper,Leynton,M,GIS Technical Architect,1/27/2009,NULL,NULL,NULL,cleyntonpx@va.gov,657-238-7063
935,Cathe,Jennison,F,Information Systems Manager,5/28/2014,NULL,China,NULL,cjennisonpy@github.com,595-383-6461
936,Ugo,Cashman,M,Developer I,10/8/2006,Zielonki,Poland,NULL,NULL,918-802-4425
937,Randee,Tanswill,F,Structural Engineer,9/28/2002,Kozelets’,Ukraine,7/20/1976,rtanswillq0@hostgator.com,477-719-4202
938,Mariann,Drummer,F,Quality Control Specialist,10/8/2022,Kertasari,Indonesia,1/6/1958,mdrummerq1@wufoo.com,316-347-1957
939,Ike,Cumbridge,M,Environmental Tech,4/23/2006,Nanhe,China,5/4/1993,NULL,204-827-2763
940,Barbi,Eastes,F,Sales Representative,8/1/2015,Podstepki,NULL,NULL,beastesq3@jiathis.com,271-853-5162
941,Ivy,Bassom,F,Automation Specialist IV,5/4/2021,NULL,China,12/7/1987,NULL,767-680-1956
942,Cherin,Choak,F,Nurse,11/9/2014,NULL,Azerbaijan,NULL,NULL,239-709-8656
943,Mayer,Ivasyushkin,M,Legal Assistant,6/28/2017,NULL,China,2/4/1997,mivasyushkinq6@digg.com,493-434-1948
944,Bradan,Barrs,M,General Manager,5/22/2006,Zaniemysl,Poland,11/26/2007,bbarrsq7@usgs.gov,145-428-0170
945,Dolley,Carletto,F,Tax Accountant,9/27/2007,Kurzetnik,Poland,2/16/1998,dcarlettoq8@shareasale.com,420-521-0970
946,Norman,Flaxman,M,Developer IV,9/21/2012,Jicun,China,1/1/1999,nflaxmanq9@about.com,111-493-5774
947,Mandy,Scollard,F,Sales Representative,10/10/2018,NULL,China,NULL,mscollardqa@china.com.cn,583-612-8989
948,Issiah,Messum,M,Pharmacist,12/5/2020,NULL,China,NULL,imessumqb@java.com,639-974-7818
949,Hilary,Scurrer,M,Nurse Practicioner,3/31/2009,NULL,China,NULL,hscurrerqc@jalbum.net,102-936-5730
950,Ted,Kopacek,F,Health Coach II,9/5/2013,NULL,Brazil,2/3/2000,tkopacekqd@gizmodo.com,364-640-6996
951,Jennie,Leabeater,F,Structural Analysis Engineer,12/16/2008,Falköping,NULL,4/5/1987,NULL,532-761-6120
952,Rodrigo,Ferretti,M,Analyst Programmer,3/25/2020,NULL,NULL,5/9/1991,rferrettiqf@noaa.gov,946-892-4302
953,Marietta,Thacke,F,Biostatistician I,8/14/2006,Ukata,NULL,NULL,NULL,102-530-0871
954,Kirsten,Couvert,F,Physical Therapy Assistant,9/10/2007,Verblyany,NULL,NULL,NULL,724-215-6274
955,Reta,Palumbo,F,Senior Financial Analyst,10/15/2016,NULL,Namibia,NULL,NULL,897-254-2864
956,Ev,Aust,M,Safety Technician IV,2/15/2020,Xinjiezhen,China,NULL,NULL,413-216-2218
957,Barrie,Ledley,F,Software Engineer II,11/3/2007,Berëzovka,Russia,9/22/1952,bledleyqk@nasa.gov,597-499-4051
958,Julia,Theodoris,F,Help Desk Technician,10/13/2001,Rungis,NULL,NULL,jtheodorisql@networksolutions.com,285-909-5971
959,Armin,Fashion,M,Pharmacist,6/24/2017,NULL,China,NULL,afashionqm@google.cn,417-676-9525
960,Luise,Surfleet,F,Assistant Media Planner,9/20/2017,NULL,China,NULL,NULL,881-733-3223
961,Nichole,Gonzalvo,M,Senior Developer,2/11/2006,NULL,Russia,NULL,NULL,897-760-3661
962,Catha,Cremer,F,Quality Control Specialist,9/24/2022,Yangchao,China,7/5/1956,ccremerqp@wufoo.com,563-879-1113
963,Darrell,Sheriff,M,Statistician IV,12/25/2000,Kim Son,NULL,NULL,dsheriffqq@163.com,875-724-6364
964,Tiffie,Youle,F,Office Assistant II,6/18/2020,Lenchwe Le Tau,Botswana,NULL,tyouleqr@about.me,610-459-8379
965,Dulcinea,Pomroy,F,Compensation Analyst,8/28/2022,Codó,Brazil,1/13/1955,dpomroyqs@loc.gov,766-361-8476
966,Perri,Caldecourt,F,Sales Associate,9/9/2010,Yelizavetinskaya,Russia,12/5/1952,NULL,508-383-9005
967,Jacklin,Bodiam,F,Analyst Programmer,8/15/2021,Xinqiao,China,NULL,NULL,465-913-7362
968,Alec,Jerzak,M,Design Engineer,2/24/2006,Van Nuys,United States,10/3/1965,NULL,626-863-8147
969,Eolande,Gaymer,F,Senior Editor,12/7/2015,Bagumbayan,Philippines,NULL,egaymerqw@spiegel.de,864-502-6146
970,Zacharie,Kolin,M,Librarian,1/1/2008,Sungailiat,Indonesia,10/3/1980,zkolinqx@icio.us,685-655-6228
971,Shari,Koomar,F,Junior Executive,6/14/2011,Río Alejandro,Panama,11/18/1969,skoomarqy@kickstarter.com,430-454-5416
972,Jim,Mongin,M,Electrical Engineer,9/19/2018,Kao Liao,Thailand,1/21/2007,jmonginqz@pen.io,764-493-9414
973,Laina,Bamblett,F,Teacher,9/3/2013,Kabo,Central African Republic,9/29/1984,NULL,887-857-6674
974,Luca,Drewes,M,Design Engineer,9/28/2006,Ustrzyki Dolne,NULL,NULL,ldrewesr1@ted.com,809-556-8363
975,Brendan,Fried,M,Information Systems Manager,4/5/2001,NULL,China,NULL,NULL,697-883-2583
976,Chic,Meanwell,M,Clinical Specialist,1/18/2022,NULL,Poland,NULL,cmeanwellr3@reddit.com,838-901-4816
977,Joella,Death,F,Senior Sales Associate,1/15/2016,Jianshe,China,4/22/1973,jdeathr4@bluehost.com,159-884-3294
978,Farlee,Pinnere,M,Statistician IV,11/20/2014,Pszczyna,Poland,11/5/1993,fpinnerer5@washington.edu,954-197-7150
979,Karylin,Rhucroft,F,Compensation Analyst,3/6/2017,‘Arad,Israel,NULL,krhucroftr6@gizmodo.com,856-745-1008
980,Phil,Fish,F,Statistician II,2/11/2003,NULL,Portugal,10/22/1985,pfishr7@ezinearticles.com,704-952-4770
981,Eudora,Smoughton,F,VP Quality Control,5/2/2001,NULL,NULL,NULL,esmoughtonr8@cpanel.net,196-615-5971
982,Helen-elizabeth,Cusack,F,Senior Financial Analyst,8/18/2010,Novodmitriyevskaya,Russia,NULL,hcusackr9@ed.gov,216-412-9633
983,Timoteo,Ibert,M,Administrative Assistant II,11/3/2011,Haciqabul,Azerbaijan,NULL,tibertra@wp.com,655-411-8686
984,Sissy,Duce,F,Cost Accountant,12/5/2001,NULL,Nigeria,NULL,sducerb@guardian.co.uk,497-634-2397
985,Abbi,Witt,F,Librarian,2/22/2010,Songnan,China,NULL,NULL,580-687-4097
986,Leyla,Janoch,F,Human Resources Assistant II,4/21/2012,Stockholm,Sweden,NULL,NULL,322-418-4918
987,Witty,McClory,M,Statistician II,6/30/2015,NULL,NULL,3/18/1980,wmccloryre@ca.gov,657-335-7142
988,Binny,McKean,F,Safety Technician IV,3/16/2006,San Francisco,NULL,NULL,NULL,496-498-6613
989,Pate,Rudsdale,M,Community Outreach Specialist,11/27/2010,NULL,Madagascar,12/13/1959,prudsdalerg@yahoo.co.jp,102-691-9191
990,Waverly,Battman,M,Structural Analysis Engineer,3/24/2017,Las Vegas,United States,7/30/1961,NULL,702-815-9755
991,Gregoor,Cracie,M,Account Executive,8/2/2021,NULL,Latvia,NULL,gcracieri@epa.gov,225-171-1446
992,Bobby,Swatradge,M,VP Accounting,7/23/2001,NULL,Canada,2/3/1977,bswatradgerj@bbc.co.uk,377-583-4556
993,Denice,Raisbeck,F,Editor,7/21/2000,NULL,Mexico,NULL,draisbeckrk@ibm.com,864-500-7683
994,Cordy,Elijahu,M,Electrical Engineer,12/13/2002,NULL,Poland,8/28/1984,NULL,955-714-2397
995,Kittie,Jachimiak,F,Librarian,5/30/2016,NULL,France,NULL,kjachimiakrm@rakuten.co.jp,935-886-8714
996,Cassi,Etherington,F,Software Test Engineer IV,9/3/2017,Uinskoye,Russia,NULL,NULL,205-854-5616
997,Howie,Newlan,M,Engineer I,9/15/2009,NULL,NULL,2/15/1997,NULL,550-914-9245
998,Benn,Caulkett,M,Environmental Tech,8/3/2010,Wierzchoslawice,Poland,NULL,NULL,985-428-4889
999,Clementine,Grivori,F,Senior Sales Associate,8/14/2021,NULL,Egypt,6/20/1987,cgrivorirq@google.com.br,290-904-3711
1000,Helaina,Culleford,F,Sales Associate,6/27/2018,NULL,Norway,NULL,hcullefordrr@behance.net,418-715-7377
